Time,PACU_VAV_BOT:DesPer 1:Des Heat Mass Flow [kg/s],PACU_VAV_BOT:DesPer 1:Des Heat Cap [W],PACU_VAV_BOT:DesPer 1:Des Cool Mass Flow [kg/s],PACU_VAV_BOT:DesPer 1:Des Sens Cool Cap [W],PACU_VAV_BOT:DesPer 1:Des Tot Cool Cap [W],PACU_VAV_BOT:DesPer 2:Des Heat Mass Flow [kg/s],PACU_VAV_BOT:DesPer 2:Des Heat Cap [W],PACU_VAV_BOT:DesPer 2:Des Cool Mass Flow [kg/s],PACU_VAV_BOT:DesPer 2:Des Sens Cool Cap [W],PACU_VAV_BOT:DesPer 2:Des Tot Cool Cap [W],PACU_VAV_MID:DesPer 1:Des Heat Mass Flow [kg/s],PACU_VAV_MID:DesPer 1:Des Heat Cap [W],PACU_VAV_MID:DesPer 1:Des Cool Mass Flow [kg/s],PACU_VAV_MID:DesPer 1:Des Sens Cool Cap [W],PACU_VAV_MID:DesPer 1:Des Tot Cool Cap [W],PACU_VAV_MID:DesPer 2:Des Heat Mass Flow [kg/s],PACU_VAV_MID:DesPer 2:Des Heat Cap [W],PACU_VAV_MID:DesPer 2:Des Cool Mass Flow [kg/s],PACU_VAV_MID:DesPer 2:Des Sens Cool Cap [W],PACU_VAV_MID:DesPer 2:Des Tot Cool Cap [W],PACU_VAV_TOP:DesPer 1:Des Heat Mass Flow [kg/s],PACU_VAV_TOP:DesPer 1:Des Heat Cap [W],PACU_VAV_TOP:DesPer 1:Des Cool Mass Flow [kg/s],PACU_VAV_TOP:DesPer 1:Des Sens Cool Cap [W],PACU_VAV_TOP:DesPer 1:Des Tot Cool Cap [W],PACU_VAV_TOP:DesPer 2:Des Heat Mass Flow [kg/s],PACU_VAV_TOP:DesPer 2:Des Heat Cap [W],PACU_VAV_TOP:DesPer 2:Des Cool Mass Flow [kg/s],PACU_VAV_TOP:DesPer 2:Des Sens Cool Cap [W],PACU_VAV_TOP:DesPer 2:Des Tot Cool Cap [W]
00:10:00,1.971458E+00,2.509836E+04,1.166782E+00,0.000000E+00,0.000000E+00,1.166782E+00,0.000000E+00,4.781798E+00,5.261219E+04,6.802465E+04,2.047241E+00,2.447456E+04,1.166782E+00,0.000000E+00,0.000000E+00,1.166782E+00,0.000000E+00,3.466216E+00,3.767369E+04,5.311168E+04,2.548035E+00,2.034944E+04,1.166782E+00,0.000000E+00,0.000000E+00,1.166782E+00,0.000000E+00,3.340807E+00,3.624960E+04,5.182106E+04
00:20:00,1.971364E+00,2.509915E+04,1.166782E+00,0.000000E+00,0.000000E+00,1.166782E+00,0.000000E+00,4.764057E+00,5.230771E+04,6.767085E+04,2.047199E+00,2.447491E+04,1.166782E+00,0.000000E+00,0.000000E+00,1.166782E+00,0.000000E+00,3.447137E+00,3.735402E+04,5.274836E+04,2.548014E+00,2.034961E+04,1.166782E+00,0.000000E+00,0.000000E+00,1.166782E+00,0.000000E+00,3.311405E+00,3.581272E+04,5.133651E+04
00:30:00,1.971269E+00,2.509992E+04,1.166782E+00,0.000000E+00,0.000000E+00,1.166782E+00,0.000000E+00,4.746675E+00,5.200729E+04,6.731300E+04,2.047157E+00,2.447525E+04,1.166782E+00,0.000000E+00,0.000000E+00,1.166782E+00,0.000000E+00,3.428462E+00,3.703893E+04,5.238358E+04,2.547993E+00,2.034978E+04,1.166782E+00,0.000000E+00,0.000000E+00,1.166782E+00,0.000000E+00,3.282867E+00,3.538564E+04,5.085632E+04
00:40:00,1.971175E+00,2.510070E+04,1.166782E+00,0.000000E+00,0.000000E+00,1.166782E+00,0.000000E+00,4.729629E+00,5.171069E+04,6.697209E+04,2.047115E+00,2.447559E+04,1.166782E+00,0.000000E+00,0.000000E+00,1.166782E+00,0.000000E+00,3.410164E+00,3.672811E+04,5.203068E+04,2.547972E+00,2.034995E+04,1.166782E+00,0.000000E+00,0.000000E+00,1.166782E+00,0.000000E+00,3.255136E+00,3.496772E+04,5.039257E+04
00:50:00,1.971082E+00,2.510146E+04,1.166782E+00,0.000000E+00,0.000000E+00,1.166782E+00,0.000000E+00,4.712896E+00,5.141765E+04,6.665095E+04,2.047074E+00,2.447593E+04,1.166782E+00,0.000000E+00,0.000000E+00,1.166782E+00,0.000000E+00,3.392217E+00,3.642129E+04,5.169257E+04,2.547952E+00,2.035012E+04,1.166782E+00,0.000000E+00,0.000000E+00,1.166782E+00,0.000000E+00,3.228161E+00,3.455838E+04,4.994763E+04
01:00:00,1.970990E+00,2.510223E+04,1.166782E+00,0.000000E+00,0.000000E+00,1.166782E+00,0.000000E+00,4.696459E+00,5.112797E+04,6.634407E+04,2.047033E+00,2.447627E+04,1.166782E+00,0.000000E+00,0.000000E+00,1.166782E+00,0.000000E+00,3.374601E+00,3.611822E+04,5.136664E+04,2.547932E+00,2.035029E+04,1.166782E+00,0.000000E+00,0.000000E+00,1.166782E+00,0.000000E+00,3.201893E+00,3.415708E+04,4.951877E+04
01:10:00,1.970996E+00,2.510217E+04,1.166782E+00,0.000000E+00,0.000000E+00,1.166782E+00,0.000000E+00,4.683828E+00,5.091587E+04,6.612253E+04,2.047036E+00,2.447625E+04,1.166782E+00,0.000000E+00,0.000000E+00,1.166782E+00,0.000000E+00,3.360800E+00,3.589282E+04,5.112670E+04,2.547933E+00,2.035027E+04,1.166782E+00,0.000000E+00,0.000000E+00,1.166782E+00,0.000000E+00,3.179755E+00,3.383701E+04,4.917967E+04
01:20:00,1.971002E+00,2.510212E+04,1.166782E+00,0.000000E+00,0.000000E+00,1.166782E+00,0.000000E+00,4.671608E+00,5.070844E+04,6.590790E+04,2.047039E+00,2.447623E+04,1.166782E+00,0.000000E+00,0.000000E+00,1.166782E+00,0.000000E+00,3.347488E+00,3.567297E+04,5.089534E+04,2.547934E+00,2.035026E+04,1.166782E+00,0.000000E+00,0.000000E+00,1.166782E+00,0.000000E+00,3.158443E+00,3.352634E+04,4.885305E+04
01:30:00,1.971008E+00,2.510207E+04,1.166782E+00,0.000000E+00,0.000000E+00,1.166782E+00,0.000000E+00,4.659737E+00,5.050496E+04,6.569818E+04,2.047041E+00,2.447621E+04,1.166782E+00,0.000000E+00,0.000000E+00,1.166782E+00,0.000000E+00,3.334573E+00,3.545764E+04,5.067024E+04,2.547936E+00,2.035025E+04,1.166782E+00,0.000000E+00,0.000000E+00,1.166782E+00,0.000000E+00,3.137857E+00,3.322389E+04,4.853649E+04
01:40:00,1.971014E+00,2.510202E+04,1.166782E+00,0.000000E+00,0.000000E+00,1.166782E+00,0.000000E+00,4.648193E+00,5.030518E+04,6.549272E+04,2.047044E+00,2.447618E+04,1.166782E+00,0.000000E+00,0.000000E+00,1.166782E+00,0.000000E+00,3.322036E+00,3.524658E+04,5.045055E+04,2.547937E+00,2.035024E+04,1.166782E+00,0.000000E+00,0.000000E+00,1.166782E+00,0.000000E+00,3.117965E+00,3.292932E+04,4.822908E+04
01:50:00,1.971020E+00,2.510197E+04,1.166782E+00,0.000000E+00,0.000000E+00,1.166782E+00,0.000000E+00,4.636958E+00,5.010890E+04,6.529126E+04,2.047047E+00,2.447616E+04,1.166782E+00,0.000000E+00,0.000000E+00,1.166782E+00,0.000000E+00,3.309860E+00,3.503963E+04,5.023583E+04,2.547938E+00,2.035023E+04,1.166782E+00,0.000000E+00,0.000000E+00,1.166782E+00,0.000000E+00,3.098729E+00,3.264220E+04,4.793009E+04
02:00:00,1.971026E+00,2.510193E+04,1.166782E+00,0.000000E+00,0.000000E+00,1.166782E+00,0.000000E+00,4.626018E+00,4.991597E+04,6.509353E+04,2.047049E+00,2.447614E+04,1.166782E+00,0.000000E+00,0.000000E+00,1.166782E+00,0.000000E+00,3.298037E+00,3.483666E+04,5.002576E+04,2.547940E+00,2.035022E+04,1.166782E+00,0.000000E+00,0.000000E+00,1.166782E+00,0.000000E+00,3.080119E+00,3.236219E+04,4.763901E+04
02:10:00,1.971032E+00,2.510188E+04,1.166782E+00,0.000000E+00,0.000000E+00,1.166782E+00,0.000000E+00,4.615325E+00,4.974302E+04,6.491648E+04,2.047052E+00,2.447612E+04,1.166782E+00,0.000000E+00,0.000000E+00,1.166782E+00,0.000000E+00,3.286513E+00,3.465428E+04,4.983720E+04,2.547941E+00,2.035021E+04,1.166782E+00,0.000000E+00,0.000000E+00,1.166782E+00,0.000000E+00,3.062092E+00,3.210597E+04,4.737276E+04
02:20:00,1.971038E+00,2.510183E+04,1.166782E+00,0.000000E+00,0.000000E+00,1.166782E+00,0.000000E+00,4.604864E+00,4.957271E+04,6.474222E+04,2.047055E+00,2.447610E+04,1.166782E+00,0.000000E+00,0.000000E+00,1.166782E+00,0.000000E+00,3.275274E+00,3.447514E+04,4.965217E+04,2.547943E+00,2.035020E+04,1.166782E+00,0.000000E+00,0.000000E+00,1.166782E+00,0.000000E+00,3.044613E+00,3.185596E+04,4.711315E+04
02:30:00,1.971044E+00,2.510178E+04,1.166782E+00,0.000000E+00,0.000000E+00,1.166782E+00,0.000000E+00,4.594621E+00,4.940486E+04,6.457055E+04,2.047057E+00,2.447608E+04,1.166782E+00,0.000000E+00,0.000000E+00,1.166782E+00,0.000000E+00,3.264304E+00,3.429904E+04,4.947040E+04,2.547944E+00,2.035019E+04,1.166782E+00,0.000000E+00,0.000000E+00,1.166782E+00,0.000000E+00,3.027638E+00,3.161169E+04,4.685957E+04
02:40:00,1.971050E+00,2.510173E+04,1.166782E+00,0.000000E+00,0.000000E+00,1.166782E+00,0.000000E+00,4.584591E+00,4.923944E+04,6.440139E+04,2.047060E+00,2.447605E+04,1.166782E+00,0.000000E+00,0.000000E+00,1.166782E+00,0.000000E+00,3.253586E+00,3.412580E+04,4.929168E+04,2.547945E+00,2.035017E+04,1.166782E+00,0.000000E+00,0.000000E+00,1.166782E+00,0.000000E+00,3.011135E+00,3.137278E+04,4.661162E+04
02:50:00,1.971055E+00,2.510168E+04,1.166782E+00,0.000000E+00,0.000000E+00,1.166782E+00,0.000000E+00,4.574770E+00,4.907639E+04,6.423465E+04,2.047062E+00,2.447603E+04,1.166782E+00,0.000000E+00,0.000000E+00,1.166782E+00,0.000000E+00,3.243109E+00,3.395530E+04,4.911583E+04,2.547946E+00,2.035016E+04,1.166782E+00,0.000000E+00,0.000000E+00,1.166782E+00,0.000000E+00,2.995095E+00,3.113911E+04,4.636915E+04
03:00:00,1.971061E+00,2.510164E+04,1.166782E+00,0.000000E+00,0.000000E+00,1.166782E+00,0.000000E+00,4.565151E+00,4.891563E+04,6.407029E+04,2.047065E+00,2.447601E+04,1.166782E+00,0.000000E+00,0.000000E+00,1.166782E+00,0.000000E+00,3.232864E+00,3.378744E+04,4.894278E+04,2.547948E+00,2.035015E+04,1.166782E+00,0.000000E+00,0.000000E+00,1.166782E+00,0.000000E+00,2.979497E+00,3.091046E+04,4.613197E+04
03:10:00,1.971067E+00,2.510159E+04,1.166782E+00,0.000000E+00,0.000000E+00,1.166782E+00,0.000000E+00,4.555673E+00,4.875647E+04,6.390757E+04,2.047067E+00,2.447599E+04,1.166782E+00,0.000000E+00,0.000000E+00,1.166782E+00,0.000000E+00,3.222762E+00,3.362120E+04,4.877141E+04,2.547949E+00,2.035014E+04,1.166782E+00,0.000000E+00,0.000000E+00,1.166782E+00,0.000000E+00,2.964208E+00,3.068533E+04,4.589840E+04
03:20:00,1.971073E+00,2.510154E+04,1.166782E+00,0.000000E+00,0.000000E+00,1.166782E+00,0.000000E+00,4.546332E+00,4.859887E+04,6.374645E+04,2.047070E+00,2.447597E+04,1.166782E+00,0.000000E+00,0.000000E+00,1.166782E+00,0.000000E+00,3.212796E+00,3.345651E+04,4.860165E+04,2.547950E+00,2.035013E+04,1.166782E+00,0.000000E+00,0.000000E+00,1.166782E+00,0.000000E+00,2.949219E+00,3.046361E+04,4.566835E+04
03:30:00,1.971078E+00,2.510150E+04,1.166782E+00,0.000000E+00,0.000000E+00,1.166782E+00,0.000000E+00,4.537121E+00,4.844274E+04,6.358682E+04,2.047072E+00,2.447595E+04,1.166782E+00,0.000000E+00,0.000000E+00,1.166782E+00,0.000000E+00,3.202965E+00,3.329335E+04,4.843344E+04,2.547952E+00,2.035012E+04,1.166782E+00,0.000000E+00,0.000000E+00,1.166782E+00,0.000000E+00,2.934532E+00,3.024531E+04,4.544183E+04
03:40:00,1.971084E+00,2.510145E+04,1.166782E+00,0.000000E+00,0.000000E+00,1.166782E+00,0.000000E+00,4.528029E+00,4.828797E+04,6.342858E+04,2.047075E+00,2.447593E+04,1.166782E+00,0.000000E+00,0.000000E+00,1.166782E+00,0.000000E+00,3.193269E+00,3.313171E+04,4.826683E+04,2.547953E+00,2.035011E+04,1.166782E+00,0.000000E+00,0.000000E+00,1.166782E+00,0.000000E+00,2.920135E+00,3.003030E+04,4.521871E+04
03:50:00,1.971089E+00,2.510140E+04,1.166782E+00,0.000000E+00,0.000000E+00,1.166782E+00,0.000000E+00,4.519053E+00,4.813451E+04,6.327169E+04,2.047077E+00,2.447591E+04,1.166782E+00,0.000000E+00,0.000000E+00,1.166782E+00,0.000000E+00,3.183699E+00,3.297152E+04,4.810170E+04,2.547954E+00,2.035010E+04,1.166782E+00,0.000000E+00,0.000000E+00,1.166782E+00,0.000000E+00,2.906013E+00,2.981841E+04,4.499882E+04
04:00:00,1.971095E+00,2.510136E+04,1.166782E+00,0.000000E+00,0.000000E+00,1.166782E+00,0.000000E+00,4.510187E+00,4.798231E+04,6.311606E+04,2.047080E+00,2.447589E+04,1.166782E+00,0.000000E+00,0.000000E+00,1.166782E+00,0.000000E+00,3.174249E+00,3.281268E+04,4.793794E+04,2.547955E+00,2.035009E+04,1.166782E+00,0.000000E+00,0.000000E+00,1.166782E+00,0.000000E+00,2.892157E+00,2.960955E+04,4.478202E+04
04:10:00,1.971100E+00,2.510131E+04,1.166782E+00,0.000000E+00,0.000000E+00,1.166782E+00,0.000000E+00,4.501473E+00,4.784900E+04,6.297979E+04,2.047082E+00,2.447587E+04,1.166782E+00,0.000000E+00,0.000000E+00,1.166782E+00,0.000000E+00,3.164970E+00,3.267296E+04,4.779383E+04,2.547957E+00,2.035008E+04,1.166782E+00,0.000000E+00,0.000000E+00,1.166782E+00,0.000000E+00,2.878627E+00,2.942157E+04,4.458672E+04
04:20:00,1.971106E+00,2.510127E+04,1.166782E+00,0.000000E+00,0.000000E+00,1.166782E+00,0.000000E+00,4.492909E+00,4.771740E+04,6.284524E+04,2.047085E+00,2.447585E+04,1.166782E+00,0.000000E+00,0.000000E+00,1.166782E+00,0.000000E+00,3.155862E+00,3.253519E+04,4.765170E+04,2.547958E+00,2.035007E+04,1.166782E+00,0.000000E+00,0.000000E+00,1.166782E+00,0.000000E+00,2.865416E+00,2.923721E+04,4.439514E+04
04:30:00,1.971111E+00,2.510122E+04,1.166782E+00,0.000000E+00,0.000000E+00,1.166782E+00,0.000000E+00,4.484494E+00,4.758750E+04,6.271241E+04,2.047087E+00,2.447583E+04,1.166782E+00,0.000000E+00,0.000000E+00,1.166782E+00,0.000000E+00,3.146925E+00,3.239936E+04,4.751155E+04,2.547959E+00,2.035006E+04,1.166782E+00,0.000000E+00,0.000000E+00,1.166782E+00,0.000000E+00,2.852517E+00,2.905639E+04,4.420720E+04
04:40:00,1.971117E+00,2.510118E+04,1.166782E+00,0.000000E+00,0.000000E+00,1.166782E+00,0.000000E+00,4.477709E+00,4.747609E+04,6.259939E+04,2.047089E+00,2.447581E+04,1.166782E+00,0.000000E+00,0.000000E+00,1.166782E+00,0.000000E+00,3.139982E+00,3.228616E+04,4.739622E+04,2.547960E+00,2.035005E+04,1.166782E+00,0.000000E+00,0.000000E+00,1.166782E+00,0.000000E+00,2.841791E+00,2.890024E+04,4.404669E+04
04:50:00,1.971122E+00,2.510114E+04,1.166782E+00,0.000000E+00,0.000000E+00,1.166782E+00,0.000000E+00,4.474470E+00,4.740496E+04,6.252873E+04,2.047092E+00,2.447579E+04,1.166782E+00,0.000000E+00,0.000000E+00,1.166782E+00,0.000000E+00,3.137368E+00,3.222212E+04,4.733354E+04,2.547961E+00,2.035004E+04,1.166782E+00,0.000000E+00,0.000000E+00,1.166782E+00,0.000000E+00,2.835386E+00,2.879316E+04,4.393949E+04
05:00:00,1.971127E+00,2.510109E+04,1.166782E+00,0.000000E+00,0.000000E+00,1.166782E+00,0.000000E+00,4.476906E+00,4.739825E+04,6.252500E+04,2.047094E+00,2.447577E+04,1.166782E+00,0.000000E+00,0.000000E+00,1.166782E+00,0.000000E+00,3.141488E+00,3.223453E+04,4.735135E+04,2.547963E+00,2.035003E+04,1.166782E+00,0.000000E+00,0.000000E+00,1.166782E+00,0.000000E+00,2.835716E+00,2.876254E+04,4.391405E+04
05:10:00,1.971133E+00,2.510105E+04,1.166782E+00,0.000000E+00,0.000000E+00,1.166782E+00,0.000000E+00,3.833110E+00,4.081495E+04,5.575432E+04,2.047096E+00,2.447575E+04,1.166782E+00,0.000000E+00,0.000000E+00,1.166782E+00,0.000000E+00,2.617782E+00,2.660414E+04,4.146908E+04,2.547964E+00,2.035002E+04,1.166782E+00,0.000000E+00,0.000000E+00,1.166782E+00,0.000000E+00,2.361432E+00,2.362535E+04,3.848648E+04
05:20:00,1.971138E+00,2.510100E+04,1.166782E+00,0.000000E+00,0.000000E+00,1.166782E+00,0.000000E+00,3.260507E+00,3.501108E+04,4.975036E+04,2.047099E+00,2.447573E+04,1.166782E+00,0.000000E+00,0.000000E+00,1.166782E+00,0.000000E+00,2.113849E+00,2.112893E+04,3.569326E+04,2.547965E+00,2.035001E+04,1.166782E+00,0.000000E+00,0.000000E+00,1.166782E+00,0.000000E+00,1.890269E+00,1.845321E+04,3.296159E+04
05:30:00,1.971143E+00,2.510096E+04,1.166782E+00,0.000000E+00,0.000000E+00,1.166782E+00,0.000000E+00,2.755006E+00,2.968082E+04,4.420447E+04,2.047101E+00,2.447571E+04,1.166782E+00,0.000000E+00,0.000000E+00,1.166782E+00,0.000000E+00,1.682452E+00,1.627473E+04,3.052056E+04,2.547966E+00,2.035000E+04,1.166782E+00,0.000000E+00,0.000000E+00,1.166782E+00,0.000000E+00,1.483301E+00,1.382101E+04,2.795435E+04
05:40:00,1.971148E+00,2.510092E+04,1.166782E+00,0.000000E+00,0.000000E+00,1.166782E+00,0.000000E+00,2.304372E+00,2.464839E+04,3.897239E+04,2.047103E+00,2.447570E+04,1.166782E+00,0.000000E+00,0.000000E+00,1.166782E+00,0.000000E+00,1.310883E+00,1.185496E+04,2.578742E+04,2.547967E+00,2.034999E+04,1.166782E+00,0.000000E+00,0.000000E+00,1.166782E+00,0.000000E+00,1.184584E+00,1.025246E+04,2.408469E+04
05:50:00,1.971153E+00,2.510088E+04,1.166782E+00,0.000000E+00,0.000000E+00,1.166782E+00,0.000000E+00,1.978322E+00,2.087108E+04,3.509368E+04,2.047106E+00,2.447568E+04,1.166782E+00,0.000000E+00,0.000000E+00,1.166782E+00,0.000000E+00,1.183280E+00,1.031032E+04,2.413200E+04,2.547968E+00,2.034998E+04,1.166782E+00,0.000000E+00,0.000000E+00,1.166782E+00,0.000000E+00,1.166782E+00,1.009054E+04,2.390785E+04
06:00:00,1.971158E+00,2.510083E+04,1.166782E+00,0.000000E+00,0.000000E+00,1.166782E+00,0.000000E+00,1.674175E+00,1.711265E+04,3.121508E+04,2.047108E+00,2.447566E+04,1.166782E+00,0.000000E+00,0.000000E+00,1.166782E+00,0.000000E+00,1.171967E+00,1.022670E+04,2.403962E+04,2.547970E+00,2.034997E+04,1.166782E+00,0.000000E+00,0.000000E+00,1.166782E+00,0.000000E+00,1.166782E+00,1.015268E+04,2.397425E+04
06:10:00,1.971164E+00,2.510079E+04,1.166782E+00,0.000000E+00,0.000000E+00,1.166782E+00,0.000000E+00,1.870748E+00,2.006778E+04,3.430317E+04,2.047110E+00,2.447564E+04,1.166782E+00,0.000000E+00,0.000000E+00,1.166782E+00,0.000000E+00,1.213688E+00,1.093863E+04,2.480981E+04,2.547971E+00,2.034996E+04,1.166782E+00,0.000000E+00,0.000000E+00,1.166782E+00,0.000000E+00,1.193173E+00,1.065205E+04,2.452060E+04
06:20:00,1.971169E+00,2.510075E+04,1.166782E+00,0.000000E+00,0.000000E+00,1.166782E+00,0.000000E+00,2.567729E+00,2.939078E+04,4.451867E+04,2.047112E+00,2.447562E+04,1.166782E+00,0.000000E+00,0.000000E+00,1.166782E+00,0.000000E+00,1.766152E+00,1.849215E+04,3.314360E+04,2.547972E+00,2.034995E+04,1.166782E+00,0.000000E+00,0.000000E+00,1.166782E+00,0.000000E+00,1.552704E+00,1.559556E+04,3.004432E+04
06:30:00,1.971174E+00,2.510071E+04,1.166782E+00,0.000000E+00,0.000000E+00,1.166782E+00,0.000000E+00,2.928252E+00,3.363913E+04,4.943805E+04,2.047114E+00,2.447560E+04,1.166782E+00,0.000000E+00,0.000000E+00,1.166782E+00,0.000000E+00,2.081020E+00,2.249166E+04,3.771510E+04,2.547973E+00,2.034995E+04,1.166782E+00,0.000000E+00,0.000000E+00,1.166782E+00,0.000000E+00,1.815739E+00,1.899930E+04,3.396653E+04
06:40:00,1.971179E+00,2.510067E+04,1.166782E+00,0.000000E+00,0.000000E+00,1.166782E+00,0.000000E+00,3.751788E+00,4.344061E+04,6.010791E+04,2.047117E+00,2.447558E+04,1.166782E+00,0.000000E+00,0.000000E+00,1.166782E+00,0.000000E+00,2.855188E+00,3.203236E+04,4.827438E+04,2.547974E+00,2.034994E+04,1.166782E+00,0.000000E+00,0.000000E+00,1.166782E+00,0.000000E+00,2.589833E+00,2.865237E+04,4.479150E+04
06:50:00,1.971184E+00,2.510063E+04,1.166782E+00,0.000000E+00,0.000000E+00,1.166782E+00,0.000000E+00,4.416349E+00,5.056299E+04,6.802815E+04,2.047119E+00,2.447557E+04,1.166782E+00,0.000000E+00,0.000000E+00,1.166782E+00,0.000000E+00,3.455968E+00,3.875893E+04,5.583506E+04,2.547975E+00,2.034993E+04,1.166782E+00,0.000000E+00,0.000000E+00,1.166782E+00,0.000000E+00,3.177680E+00,3.533203E+04,5.234613E+04
07:00:00,1.971188E+00,2.510059E+04,1.166782E+00,0.000000E+00,0.000000E+00,1.166782E+00,0.000000E+00,5.066548E+00,5.693605E+04,7.513116E+04,2.047121E+00,2.447555E+04,1.166782E+00,0.000000E+00,0.000000E+00,1.166782E+00,0.000000E+00,4.046741E+00,4.484361E+04,6.277049E+04,2.547976E+00,2.034992E+04,1.166782E+00,0.000000E+00,0.000000E+00,1.166782E+00,0.000000E+00,3.759246E+00,4.142523E+04,5.932225E+04
07:10:00,1.971193E+00,2.510055E+04,1.166782E+00,0.000000E+00,0.000000E+00,1.166782E+00,0.000000E+00,5.660404E+00,6.227203E+04,8.114138E+04,2.047123E+00,2.447553E+04,1.166782E+00,0.000000E+00,0.000000E+00,1.166782E+00,0.000000E+00,4.577286E+00,4.989915E+04,6.863499E+04,2.547977E+00,2.034991E+04,1.166782E+00,0.000000E+00,0.000000E+00,1.166782E+00,0.000000E+00,4.287158E+00,4.657258E+04,6.531518E+04
07:20:00,1.971198E+00,2.510051E+04,1.166782E+00,0.000000E+00,0.000000E+00,1.166782E+00,0.000000E+00,5.533692E+00,6.090535E+04,7.966472E+04,2.047125E+00,2.447551E+04,1.166782E+00,0.000000E+00,0.000000E+00,1.166782E+00,0.000000E+00,4.407096E+00,4.811365E+04,6.667382E+04,2.547978E+00,2.034990E+04,1.166782E+00,0.000000E+00,0.000000E+00,1.166782E+00,0.000000E+00,4.169361E+00,4.541416E+04,6.401382E+04
07:30:00,1.971203E+00,2.510047E+04,1.166782E+00,0.000000E+00,0.000000E+00,1.166782E+00,0.000000E+00,5.890109E+00,6.524310E+04,8.446596E+04,2.047127E+00,2.447550E+04,1.166782E+00,0.000000E+00,0.000000E+00,1.166782E+00,0.000000E+00,4.776726E+00,5.260152E+04,7.175320E+04,2.547980E+00,2.034989E+04,1.166782E+00,0.000000E+00,0.000000E+00,1.166782E+00,0.000000E+00,4.581479E+00,5.038438E+04,6.966341E+04
07:40:00,1.971208E+00,2.510043E+04,1.166782E+00,0.000000E+00,0.000000E+00,1.166782E+00,0.000000E+00,5.750390E+00,6.394835E+04,8.302722E+04,2.047130E+00,2.447548E+04,1.166782E+00,0.000000E+00,0.000000E+00,1.166782E+00,0.000000E+00,4.639913E+00,5.133983E+04,7.031739E+04,2.547981E+00,2.034988E+04,1.166782E+00,0.000000E+00,0.000000E+00,1.166782E+00,0.000000E+00,4.459899E+00,4.929561E+04,6.838517E+04
07:50:00,1.971213E+00,2.510039E+04,1.166782E+00,0.000000E+00,0.000000E+00,1.166782E+00,0.000000E+00,5.744538E+00,6.417397E+04,8.326358E+04,2.047132E+00,2.447546E+04,1.166782E+00,0.000000E+00,0.000000E+00,1.166782E+00,0.000000E+00,4.645784E+00,5.169857E+04,7.070134E+04,2.547982E+00,2.034987E+04,1.166782E+00,0.000000E+00,0.000000E+00,1.166782E+00,0.000000E+00,4.490780E+00,4.993835E+04,6.907072E+04
08:00:00,1.971217E+00,2.510035E+04,1.166782E+00,0.000000E+00,0.000000E+00,1.166782E+00,0.000000E+00,5.743885E+00,6.445858E+04,8.355628E+04,2.047134E+00,2.447544E+04,1.166782E+00,0.000000E+00,0.000000E+00,1.166782E+00,0.000000E+00,4.654721E+00,5.209204E+04,7.111642E+04,2.547983E+00,2.034987E+04,1.166782E+00,0.000000E+00,0.000000E+00,1.166782E+00,0.000000E+00,4.523045E+00,5.059668E+04,6.976563E+04
08:10:00,1.971222E+00,2.510031E+04,1.166782E+00,0.000000E+00,0.000000E+00,1.166782E+00,0.000000E+00,5.749896E+00,6.485320E+04,8.396125E+04,2.047136E+00,2.447543E+04,1.166782E+00,0.000000E+00,0.000000E+00,1.166782E+00,0.000000E+00,4.669360E+00,5.258460E+04,7.163275E+04,2.547984E+00,2.034986E+04,1.166782E+00,0.000000E+00,0.000000E+00,1.166782E+00,0.000000E+00,4.561383E+00,5.135830E+04,7.056630E+04
08:20:00,1.971227E+00,2.510027E+04,1.166782E+00,0.000000E+00,0.000000E+00,1.166782E+00,0.000000E+00,5.762007E+00,6.531707E+04,8.443740E+04,2.047138E+00,2.447541E+04,1.166782E+00,0.000000E+00,0.000000E+00,1.166782E+00,0.000000E+00,4.688878E+00,5.313256E+04,7.220480E+04,2.547985E+00,2.034985E+04,1.166782E+00,0.000000E+00,0.000000E+00,1.166782E+00,0.000000E+00,4.605143E+00,5.218148E+04,7.142896E+04
08:30:00,1.971231E+00,2.510023E+04,1.166782E+00,0.000000E+00,0.000000E+00,1.166782E+00,0.000000E+00,5.779749E+00,6.584489E+04,8.497989E+04,2.047140E+00,2.447539E+04,1.166782E+00,0.000000E+00,0.000000E+00,1.166782E+00,0.000000E+00,4.712528E+00,5.372742E+04,7.282394E+04,2.547986E+00,2.034984E+04,1.166782E+00,0.000000E+00,0.000000E+00,1.166782E+00,0.000000E+00,4.653680E+00,5.305890E+04,7.234596E+04
08:40:00,1.971236E+00,2.510020E+04,1.166782E+00,0.000000E+00,0.000000E+00,1.166782E+00,0.000000E+00,5.802128E+00,6.642535E+04,8.557710E+04,2.047142E+00,2.447538E+04,1.166782E+00,0.000000E+00,0.000000E+00,1.166782E+00,0.000000E+00,4.740369E+00,5.436988E+04,7.349183E+04,2.547987E+00,2.034983E+04,1.166782E+00,0.000000E+00,0.000000E+00,1.166782E+00,0.000000E+00,4.707100E+00,5.399175E+04,7.331945E+04
08:50:00,1.971240E+00,2.510016E+04,1.166782E+00,0.000000E+00,0.000000E+00,1.166782E+00,0.000000E+00,5.827734E+00,6.704245E+04,8.621201E+04,2.047144E+00,2.447536E+04,1.166782E+00,0.000000E+00,0.000000E+00,1.166782E+00,0.000000E+00,4.771496E+00,5.504966E+04,7.419784E+04,2.547988E+00,2.034982E+04,1.166782E+00,0.000000E+00,0.000000E+00,1.166782E+00,0.000000E+00,4.764517E+00,5.496999E+04,7.433899E+04
09:00:00,1.971245E+00,2.510012E+04,1.166782E+00,0.000000E+00,0.000000E+00,1.166782E+00,0.000000E+00,5.855617E+00,6.768540E+04,8.687336E+04,2.047146E+00,2.447534E+04,1.166782E+00,0.000000E+00,0.000000E+00,1.166782E+00,0.000000E+00,4.804857E+00,5.575480E+04,7.492950E+04,2.547989E+00,2.034981E+04,1.166782E+00,0.000000E+00,0.000000E+00,1.166782E+00,0.000000E+00,4.824830E+00,5.598110E+04,7.539139E+04
09:10:00,1.971250E+00,2.510008E+04,1.166782E+00,0.000000E+00,0.000000E+00,1.166782E+00,0.000000E+00,5.884820E+00,6.830900E+04,8.751455E+04,2.047148E+00,2.447533E+04,1.166782E+00,0.000000E+00,0.000000E+00,1.166782E+00,0.000000E+00,4.839421E+00,5.643923E+04,7.563924E+04,2.547990E+00,2.034981E+04,1.166782E+00,0.000000E+00,0.000000E+00,1.166782E+00,0.000000E+00,4.886953E+00,5.697842E+04,7.642846E+04
09:20:00,1.971254E+00,2.510005E+04,1.166782E+00,0.000000E+00,0.000000E+00,1.166782E+00,0.000000E+00,5.914737E+00,6.894069E+04,8.816380E+04,2.047150E+00,2.447531E+04,1.166782E+00,0.000000E+00,0.000000E+00,1.166782E+00,0.000000E+00,4.874493E+00,5.712944E+04,7.635435E+04,2.547991E+00,2.034980E+04,1.166782E+00,0.000000E+00,0.000000E+00,1.166782E+00,0.000000E+00,4.950110E+00,5.798748E+04,7.747657E+04
09:30:00,1.971259E+00,2.510001E+04,1.166782E+00,0.000000E+00,0.000000E+00,1.166782E+00,0.000000E+00,5.944860E+00,6.957474E+04,8.881531E+04,2.047152E+00,2.447529E+04,1.166782E+00,0.000000E+00,0.000000E+00,1.166782E+00,0.000000E+00,4.909485E+00,5.781876E+04,7.706805E+04,2.547992E+00,2.034979E+04,1.166782E+00,0.000000E+00,0.000000E+00,1.166782E+00,0.000000E+00,5.013624E+00,5.900059E+04,7.852797E+04
09:40:00,1.971263E+00,2.509997E+04,1.166782E+00,0.000000E+00,0.000000E+00,1.166782E+00,0.000000E+00,5.974755E+00,7.020619E+04,8.946396E+04,2.047154E+00,2.447528E+04,1.166782E+00,0.000000E+00,0.000000E+00,1.166782E+00,0.000000E+00,4.943891E+00,5.850142E+04,7.777441E+04,2.547993E+00,2.034978E+04,1.166782E+00,0.000000E+00,0.000000E+00,1.166782E+00,0.000000E+00,5.076888E+00,6.001088E+04,7.957560E+04
09:50:00,1.971267E+00,2.509994E+04,1.166782E+00,0.000000E+00,0.000000E+00,1.166782E+00,0.000000E+00,6.004217E+00,7.083273E+04,9.010771E+04,2.047156E+00,2.447526E+04,1.166782E+00,0.000000E+00,0.000000E+00,1.166782E+00,0.000000E+00,4.977395E+00,5.917383E+04,7.847015E+04,2.547994E+00,2.034977E+04,1.166782E+00,0.000000E+00,0.000000E+00,1.166782E+00,0.000000E+00,5.139479E+00,6.101353E+04,8.061498E+04
10:00:00,1.971272E+00,2.509990E+04,1.166782E+00,0.000000E+00,0.000000E+00,1.166782E+00,0.000000E+00,6.032850E+00,7.144987E+04,9.074141E+04,2.047158E+00,2.447525E+04,1.166782E+00,0.000000E+00,0.000000E+00,1.166782E+00,0.000000E+00,5.009561E+00,5.983107E+04,7.914954E+04,2.547995E+00,2.034977E+04,1.166782E+00,0.000000E+00,0.000000E+00,1.166782E+00,0.000000E+00,5.200873E+00,6.200260E+04,8.163928E+04
10:10:00,1.971276E+00,2.509987E+04,1.166782E+00,0.000000E+00,0.000000E+00,1.166782E+00,0.000000E+00,6.060332E+00,7.201957E+04,9.132603E+04,2.047160E+00,2.447523E+04,1.166782E+00,0.000000E+00,0.000000E+00,1.166782E+00,0.000000E+00,5.039944E+00,6.043371E+04,7.977197E+04,2.547996E+00,2.034976E+04,1.166782E+00,0.000000E+00,0.000000E+00,1.166782E+00,0.000000E+00,5.260537E+00,6.293767E+04,8.260691E+04
10:20:00,1.971280E+00,2.509983E+04,1.166782E+00,0.000000E+00,0.000000E+00,1.166782E+00,0.000000E+00,6.086424E+00,7.257351E+04,9.189437E+04,2.047162E+00,2.447521E+04,1.166782E+00,0.000000E+00,0.000000E+00,1.166782E+00,0.000000E+00,5.068247E+00,6.101273E+04,8.036975E+04,2.547997E+00,2.034975E+04,1.166782E+00,0.000000E+00,0.000000E+00,1.166782E+00,0.000000E+00,5.318078E+00,6.384864E+04,8.354918E+04
10:30:00,1.971285E+00,2.509980E+04,1.166782E+00,0.000000E+00,0.000000E+00,1.166782E+00,0.000000E+00,6.110904E+00,7.310914E+04,9.244409E+04,2.047164E+00,2.447520E+04,1.166782E+00,0.000000E+00,0.000000E+00,1.166782E+00,0.000000E+00,5.094246E+00,6.156560E+04,8.094068E+04,2.547998E+00,2.034974E+04,1.166782E+00,0.000000E+00,0.000000E+00,1.166782E+00,0.000000E+00,5.373173E+00,6.473184E+04,8.446277E+04
10:40:00,1.971289E+00,2.509976E+04,1.166782E+00,0.000000E+00,0.000000E+00,1.166782E+00,0.000000E+00,6.133571E+00,7.362418E+04,9.297286E+04,2.047165E+00,2.447518E+04,1.166782E+00,0.000000E+00,0.000000E+00,1.166782E+00,0.000000E+00,5.117722E+00,6.208983E+04,8.148212E+04,2.547999E+00,2.034973E+04,1.166782E+00,0.000000E+00,0.000000E+00,1.166782E+00,0.000000E+00,5.425504E+00,6.558366E+04,8.534390E+04
10:50:00,1.971293E+00,2.509973E+04,1.166782E+00,0.000000E+00,0.000000E+00,1.166782E+00,0.000000E+00,6.154134E+00,7.411535E+04,9.347684E+04,2.047167E+00,2.447517E+04,1.166782E+00,0.000000E+00,0.000000E+00,1.166782E+00,0.000000E+00,5.138400E+00,6.258229E+04,8.199023E+04,2.547999E+00,2.034973E+04,1.166782E+00,0.000000E+00,0.000000E+00,1.166782E+00,0.000000E+00,5.474692E+00,6.639981E+04,8.618751E+04
11:00:00,1.971297E+00,2.509969E+04,1.166782E+00,0.000000E+00,0.000000E+00,1.166782E+00,0.000000E+00,6.172519E+00,7.458178E+04,9.395528E+04,2.047169E+00,2.447515E+04,1.166782E+00,0.000000E+00,0.000000E+00,1.166782E+00,0.000000E+00,5.156268E+00,6.304286E+04,8.246498E+04,2.548000E+00,2.034972E+04,1.166782E+00,0.000000E+00,0.000000E+00,1.166782E+00,0.000000E+00,5.520632E+00,6.717909E+04,8.699248E+04
11:10:00,1.971302E+00,2.509966E+04,1.166782E+00,0.000000E+00,0.000000E+00,1.166782E+00,0.000000E+00,6.188489E+00,7.493489E+04,9.431739E+04,2.047171E+00,2.447514E+04,1.166782E+00,0.000000E+00,0.000000E+00,1.166782E+00,0.000000E+00,5.171193E+00,6.338411E+04,8.281679E+04,2.548001E+00,2.034971E+04,1.166782E+00,0.000000E+00,0.000000E+00,1.166782E+00,0.000000E+00,5.563081E+00,6.783283E+04,8.766792E+04
11:20:00,1.971306E+00,2.509962E+04,1.166782E+00,0.000000E+00,0.000000E+00,1.166782E+00,0.000000E+00,6.202014E+00,7.526026E+04,9.465118E+04,2.047173E+00,2.447512E+04,1.166782E+00,0.000000E+00,0.000000E+00,1.166782E+00,0.000000E+00,5.183288E+00,6.369324E+04,8.313547E+04,2.548002E+00,2.034970E+04,1.166782E+00,0.000000E+00,0.000000E+00,1.166782E+00,0.000000E+00,5.602066E+00,6.844725E+04,8.830282E+04
11:30:00,1.971310E+00,2.509959E+04,1.166782E+00,0.000000E+00,0.000000E+00,1.166782E+00,0.000000E+00,6.213127E+00,7.555823E+04,9.495708E+04,2.047175E+00,2.447511E+04,1.166782E+00,0.000000E+00,0.000000E+00,1.166782E+00,0.000000E+00,5.192713E+00,6.397205E+04,8.342294E+04,2.548003E+00,2.034970E+04,1.166782E+00,0.000000E+00,0.000000E+00,1.166782E+00,0.000000E+00,5.637669E+00,6.902327E+04,8.889817E+04
11:40:00,1.971314E+00,2.509955E+04,1.166782E+00,0.000000E+00,0.000000E+00,1.166782E+00,0.000000E+00,6.221957E+00,7.583028E+04,9.523640E+04,2.047177E+00,2.447509E+04,1.166782E+00,0.000000E+00,0.000000E+00,1.166782E+00,0.000000E+00,5.199782E+00,6.422412E+04,8.368264E+04,2.548004E+00,2.034969E+04,1.166782E+00,0.000000E+00,0.000000E+00,1.166782E+00,0.000000E+00,5.670118E+00,6.956349E+04,8.945635E+04
11:50:00,1.971318E+00,2.509952E+04,1.166782E+00,0.000000E+00,0.000000E+00,1.166782E+00,0.000000E+00,6.228739E+00,7.607910E+04,9.549167E+04,2.047178E+00,2.447508E+04,1.166782E+00,0.000000E+00,0.000000E+00,1.166782E+00,0.000000E+00,5.204880E+00,6.445381E+04,8.391877E+04,2.548005E+00,2.034968E+04,1.166782E+00,0.000000E+00,0.000000E+00,1.166782E+00,0.000000E+00,5.699700E+00,7.007115E+04,8.998033E+04
12:00:00,1.971322E+00,2.509949E+04,1.166782E+00,0.000000E+00,0.000000E+00,1.166782E+00,0.000000E+00,6.233847E+00,7.630889E+04,9.572707E+04,2.047180E+00,2.447506E+04,1.166782E+00,0.000000E+00,0.000000E+00,1.166782E+00,0.000000E+00,5.208533E+00,6.466708E+04,8.413738E+04,2.548006E+00,2.034968E+04,1.166782E+00,0.000000E+00,0.000000E+00,1.166782E+00,0.000000E+00,5.726877E+00,7.055151E+04,9.047545E+04
12:10:00,1.971326E+00,2.509945E+04,1.166782E+00,0.000000E+00,0.000000E+00,1.166782E+00,0.000000E+00,6.237977E+00,7.649323E+04,9.591573E+04,2.047182E+00,2.447505E+04,1.166782E+00,0.000000E+00,0.000000E+00,1.166782E+00,0.000000E+00,5.211558E+00,6.483887E+04,8.431310E+04,2.548007E+00,2.034967E+04,1.166782E+00,0.000000E+00,0.000000E+00,1.166782E+00,0.000000E+00,5.752437E+00,7.097916E+04,9.091599E+04
12:20:00,1.971330E+00,2.509942E+04,1.166782E+00,0.000000E+00,0.000000E+00,1.166782E+00,0.000000E+00,6.241890E+00,7.667510E+04,9.610187E+04,2.047184E+00,2.447503E+04,1.166782E+00,0.000000E+00,0.000000E+00,1.166782E+00,0.000000E+00,5.214802E+00,6.501315E+04,8.449143E+04,2.548008E+00,2.034966E+04,1.166782E+00,0.000000E+00,0.000000E+00,1.166782E+00,0.000000E+00,5.777195E+00,7.139769E+04,9.134707E+04
12:30:00,1.971334E+00,2.509939E+04,1.166782E+00,0.000000E+00,0.000000E+00,1.166782E+00,0.000000E+00,6.246961E+00,7.687011E+04,9.630210E+04,2.047185E+00,2.447502E+04,1.166782E+00,0.000000E+00,0.000000E+00,1.166782E+00,0.000000E+00,5.219718E+00,6.520641E+04,8.469011E+04,2.548008E+00,2.034965E+04,1.166782E+00,0.000000E+00,0.000000E+00,1.166782E+00,0.000000E+00,5.802580E+00,7.182335E+04,9.178605E+04
12:40:00,1.971338E+00,2.509936E+04,1.166782E+00,0.000000E+00,0.000000E+00,1.166782E+00,0.000000E+00,6.253982E+00,7.708727E+04,9.652471E+04,2.047187E+00,2.447500E+04,1.166782E+00,0.000000E+00,0.000000E+00,1.166782E+00,0.000000E+00,5.227155E+00,6.542828E+04,8.491807E+04,2.548009E+00,2.034965E+04,1.166782E+00,0.000000E+00,0.000000E+00,1.166782E+00,0.000000E+00,5.829437E+00,7.226571E+04,9.224161E+04
12:50:00,1.971342E+00,2.509932E+04,1.166782E+00,0.000000E+00,0.000000E+00,1.166782E+00,0.000000E+00,6.263470E+00,7.733242E+04,9.677535E+04,2.047189E+00,2.447499E+04,1.166782E+00,0.000000E+00,0.000000E+00,1.166782E+00,0.000000E+00,5.237659E+00,6.568497E+04,8.518129E+04,2.548010E+00,2.034964E+04,1.166782E+00,0.000000E+00,0.000000E+00,1.166782E+00,0.000000E+00,5.858337E+00,7.273126E+04,9.272000E+04
13:00:00,1.971346E+00,2.509929E+04,1.166782E+00,0.000000E+00,0.000000E+00,1.166782E+00,0.000000E+00,6.275676E+00,7.760843E+04,9.705727E+04,2.047191E+00,2.447498E+04,1.166782E+00,0.000000E+00,0.000000E+00,1.166782E+00,0.000000E+00,5.251496E+00,6.597949E+04,8.548324E+04,2.548011E+00,2.034963E+04,1.166782E+00,0.000000E+00,0.000000E+00,1.166782E+00,0.000000E+00,5.889545E+00,7.322301E+04,9.322478E+04
13:10:00,1.971350E+00,2.509926E+04,1.166782E+00,0.000000E+00,0.000000E+00,1.166782E+00,0.000000E+00,6.290474E+00,7.786233E+04,9.731675E+04,2.047192E+00,2.447496E+04,1.166782E+00,0.000000E+00,0.000000E+00,1.166782E+00,0.000000E+00,5.268540E+00,6.625889E+04,8.577024E+04,2.548012E+00,2.034963E+04,1.166782E+00,0.000000E+00,0.000000E+00,1.166782E+00,0.000000E+00,5.922948E+00,7.368813E+04,9.370257E+04
13:20:00,1.971353E+00,2.509923E+04,1.166782E+00,0.000000E+00,0.000000E+00,1.166782E+00,0.000000E+00,6.307477E+00,7.814126E+04,9.760270E+04,2.047194E+00,2.447495E+04,1.166782E+00,0.000000E+00,0.000000E+00,1.166782E+00,0.000000E+00,5.288400E+00,6.657025E+04,8.609126E+04,2.548013E+00,2.034962E+04,1.166782E+00,0.000000E+00,0.000000E+00,1.166782E+00,0.000000E+00,5.958165E+00,7.417384E+04,9.420264E+04
13:30:00,1.971357E+00,2.509920E+04,1.166782E+00,0.000000E+00,0.000000E+00,1.166782E+00,0.000000E+00,6.325571E+00,7.843259E+04,9.790180E+04,2.047196E+00,2.447493E+04,1.166782E+00,0.000000E+00,0.000000E+00,1.166782E+00,0.000000E+00,5.309911E+00,6.690034E+04,8.643218E+04,2.548013E+00,2.034961E+04,1.166782E+00,0.000000E+00,0.000000E+00,1.166782E+00,0.000000E+00,5.994038E+00,7.466700E+04,9.471100E+04
13:40:00,1.971361E+00,2.509917E+04,1.166782E+00,0.000000E+00,0.000000E+00,1.166782E+00,0.000000E+00,6.344057E+00,7.872835E+04,9.820559E+04,2.047197E+00,2.447492E+04,1.166782E+00,0.000000E+00,0.000000E+00,1.166782E+00,0.000000E+00,5.332304E+00,6.724047E+04,8.678362E+04,2.548014E+00,2.034960E+04,1.166782E+00,0.000000E+00,0.000000E+00,1.166782E+00,0.000000E+00,6.029820E+00,7.515913E+04,9.521854E+04
13:50:00,1.971365E+00,2.509913E+04,1.166782E+00,0.000000E+00,0.000000E+00,1.166782E+00,0.000000E+00,6.362375E+00,7.902221E+04,9.850740E+04,2.047199E+00,2.447491E+04,1.166782E+00,0.000000E+00,0.000000E+00,1.166782E+00,0.000000E+00,5.354940E+00,6.758335E+04,8.713783E+04,2.548015E+00,2.034960E+04,1.166782E+00,0.000000E+00,0.000000E+00,1.166782E+00,0.000000E+00,6.064888E+00,7.564316E+04,9.571769E+04
14:00:00,1.971369E+00,2.509910E+04,1.166782E+00,0.000000E+00,0.000000E+00,1.166782E+00,0.000000E+00,6.380065E+00,7.930896E+04,9.880179E+04,2.047201E+00,2.447489E+04,1.166782E+00,0.000000E+00,0.000000E+00,1.166782E+00,0.000000E+00,5.377249E+00,6.792251E+04,8.748802E+04,2.548016E+00,2.034959E+04,1.166782E+00,0.000000E+00,0.000000E+00,1.166782E+00,0.000000E+00,6.098684E+00,7.611274E+04,9.620179E+04
14:10:00,1.971372E+00,2.509907E+04,1.166782E+00,0.000000E+00,0.000000E+00,1.166782E+00,0.000000E+00,6.396688E+00,7.949769E+04,9.899569E+04,2.047202E+00,2.447488E+04,1.166782E+00,0.000000E+00,0.000000E+00,1.166782E+00,0.000000E+00,5.398584E+00,6.816473E+04,8.773862E+04,2.548017E+00,2.034958E+04,1.166782E+00,0.000000E+00,0.000000E+00,1.166782E+00,0.000000E+00,6.130540E+00,7.647440E+04,9.657503E+04
14:20:00,1.971376E+00,2.509904E+04,1.166782E+00,0.000000E+00,0.000000E+00,1.166782E+00,0.000000E+00,6.411981E+00,7.967130E+04,9.917437E+04,2.047204E+00,2.447486E+04,1.166782E+00,0.000000E+00,0.000000E+00,1.166782E+00,0.000000E+00,5.418499E+00,6.839082E+04,8.797301E+04,2.548018E+00,2.034958E+04,1.166782E+00,0.000000E+00,0.000000E+00,1.166782E+00,0.000000E+00,6.159994E+00,7.680881E+04,9.692075E+04
14:30:00,1.971380E+00,2.509901E+04,1.166782E+00,0.000000E+00,0.000000E+00,1.166782E+00,0.000000E+00,6.425727E+00,7.982737E+04,9.933533E+04,2.047206E+00,2.447485E+04,1.166782E+00,0.000000E+00,0.000000E+00,1.166782E+00,0.000000E+00,5.436608E+00,6.859642E+04,8.818673E+04,2.548018E+00,2.034957E+04,1.166782E+00,0.000000E+00,0.000000E+00,1.166782E+00,0.000000E+00,6.186649E+00,7.711144E+04,9.723434E+04
14:40:00,1.971383E+00,2.509898E+04,1.166782E+00,0.000000E+00,0.000000E+00,1.166782E+00,0.000000E+00,6.437791E+00,7.996435E+04,9.947679E+04,2.047207E+00,2.447484E+04,1.166782E+00,0.000000E+00,0.000000E+00,1.166782E+00,0.000000E+00,5.452587E+00,6.877784E+04,8.837563E+04,2.548019E+00,2.034957E+04,1.166782E+00,0.000000E+00,0.000000E+00,1.166782E+00,0.000000E+00,6.210143E+00,7.737818E+04,9.751113E+04
14:50:00,1.971387E+00,2.509895E+04,1.166782E+00,0.000000E+00,0.000000E+00,1.166782E+00,0.000000E+00,6.448053E+00,8.008087E+04,9.959709E+04,2.047209E+00,2.447482E+04,1.166782E+00,0.000000E+00,0.000000E+00,1.166782E+00,0.000000E+00,5.466156E+00,6.893190E+04,8.853610E+04,2.548020E+00,2.034956E+04,1.166782E+00,0.000000E+00,0.000000E+00,1.166782E+00,0.000000E+00,6.230169E+00,7.760555E+04,9.774714E+04
15:00:00,1.971391E+00,2.509892E+04,1.166782E+00,0.000000E+00,0.000000E+00,1.166782E+00,0.000000E+00,6.456214E+00,8.017353E+04,9.969232E+04,2.047211E+00,2.447481E+04,1.166782E+00,0.000000E+00,0.000000E+00,1.166782E+00,0.000000E+00,5.476854E+00,6.905338E+04,8.866211E+04,2.548021E+00,2.034955E+04,1.166782E+00,0.000000E+00,0.000000E+00,1.166782E+00,0.000000E+00,6.246214E+00,7.778773E+04,9.793576E+04
15:10:00,1.971394E+00,2.509889E+04,1.166782E+00,0.000000E+00,0.000000E+00,1.166782E+00,0.000000E+00,6.462225E+00,8.013871E+04,9.965700E+04,2.047212E+00,2.447480E+04,1.166782E+00,0.000000E+00,0.000000E+00,1.166782E+00,0.000000E+00,5.484561E+00,6.903780E+04,8.864745E+04,2.548021E+00,2.034955E+04,1.166782E+00,0.000000E+00,0.000000E+00,1.166782E+00,0.000000E+00,6.258135E+00,7.782000E+04,9.797061E+04
15:20:00,1.971398E+00,2.509886E+04,1.166782E+00,0.000000E+00,0.000000E+00,1.166782E+00,0.000000E+00,6.466032E+00,8.007886E+04,9.959649E+04,2.047214E+00,2.447479E+04,1.166782E+00,0.000000E+00,0.000000E+00,1.166782E+00,0.000000E+00,5.489184E+00,6.898723E+04,8.859732E+04,2.548022E+00,2.034954E+04,1.166782E+00,0.000000E+00,0.000000E+00,1.166782E+00,0.000000E+00,6.265807E+00,7.780405E+04,9.795662E+04
15:30:00,1.971401E+00,2.509883E+04,1.166782E+00,0.000000E+00,0.000000E+00,1.166782E+00,0.000000E+00,6.467558E+00,7.999311E+04,9.950968E+04,2.047215E+00,2.447477E+04,1.166782E+00,0.000000E+00,0.000000E+00,1.166782E+00,0.000000E+00,5.490628E+00,6.890056E+04,8.851029E+04,2.548023E+00,2.034953E+04,1.166782E+00,0.000000E+00,0.000000E+00,1.166782E+00,0.000000E+00,6.269080E+00,7.773815E+04,9.789158E+04
15:40:00,1.971405E+00,2.509881E+04,1.166782E+00,0.000000E+00,0.000000E+00,1.166782E+00,0.000000E+00,6.466723E+00,7.988057E+04,9.939528E+04,2.047217E+00,2.447476E+04,1.166782E+00,0.000000E+00,0.000000E+00,1.166782E+00,0.000000E+00,5.488845E+00,6.877725E+04,8.838519E+04,2.548024E+00,2.034953E+04,1.166782E+00,0.000000E+00,0.000000E+00,1.166782E+00,0.000000E+00,6.267871E+00,7.762137E+04,9.777387E+04
15:50:00,1.971408E+00,2.509878E+04,1.166782E+00,0.000000E+00,0.000000E+00,1.166782E+00,0.000000E+00,6.463474E+00,7.974061E+04,9.925236E+04,2.047218E+00,2.447475E+04,1.166782E+00,0.000000E+00,0.000000E+00,1.166782E+00,0.000000E+00,5.483835E+00,6.861731E+04,8.822157E+04,2.548025E+00,2.034952E+04,1.166782E+00,0.000000E+00,0.000000E+00,1.166782E+00,0.000000E+00,6.262148E+00,7.745334E+04,9.760261E+04
16:00:00,1.971412E+00,2.509875E+04,1.166782E+00,0.000000E+00,0.000000E+00,1.166782E+00,0.000000E+00,6.457984E+00,7.957521E+04,9.908314E+04,2.047220E+00,2.447473E+04,1.166782E+00,0.000000E+00,0.000000E+00,1.166782E+00,0.000000E+00,5.475874E+00,6.842387E+04,8.802298E+04,2.548025E+00,2.034951E+04,1.166782E+00,0.000000E+00,0.000000E+00,1.166782E+00,0.000000E+00,6.252177E+00,7.723708E+04,9.738123E+04
16:10:00,1.971415E+00,2.509872E+04,1.166782E+00,0.000000E+00,0.000000E+00,1.166782E+00,0.000000E+00,6.450426E+00,7.935198E+04,9.885457E+04,2.047221E+00,2.447472E+04,1.166782E+00,0.000000E+00,0.000000E+00,1.166782E+00,0.000000E+00,5.465269E+00,6.816605E+04,8.775792E+04,2.548026E+00,2.034951E+04,1.166782E+00,0.000000E+00,0.000000E+00,1.166782E+00,0.000000E+00,6.238247E+00,7.694152E+04,9.707806E+04
16:20:00,1.971419E+00,2.509869E+04,1.166782E+00,0.000000E+00,0.000000E+00,1.166782E+00,0.000000E+00,6.440782E+00,7.910506E+04,9.860161E+04,2.047223E+00,2.447471E+04,1.166782E+00,0.000000E+00,0.000000E+00,1.166782E+00,0.000000E+00,5.452092E+00,6.787902E+04,8.746251E+04,2.548027E+00,2.034950E+04,1.166782E+00,0.000000E+00,0.000000E+00,1.166782E+00,0.000000E+00,6.220415E+00,7.660165E+04,9.672907E+04
16:30:00,1.971422E+00,2.509866E+04,1.166782E+00,0.000000E+00,0.000000E+00,1.166782E+00,0.000000E+00,6.429184E+00,7.883595E+04,9.832593E+04,2.047224E+00,2.447470E+04,1.166782E+00,0.000000E+00,0.000000E+00,1.166782E+00,0.000000E+00,5.436554E+00,6.756519E+04,8.713942E+04,2.548028E+00,2.034950E+04,1.166782E+00,0.000000E+00,0.000000E+00,1.166782E+00,0.000000E+00,6.198904E+00,7.622001E+04,9.633700E+04
16:40:00,1.971425E+00,2.509864E+04,1.166782E+00,0.000000E+00,0.000000E+00,1.166782E+00,0.000000E+00,6.415883E+00,7.854751E+04,9.803040E+04,2.047226E+00,2.447468E+04,1.166782E+00,0.000000E+00,0.000000E+00,1.166782E+00,0.000000E+00,5.418918E+00,6.722754E+04,8.679155E+04,2.548028E+00,2.034949E+04,1.166782E+00,0.000000E+00,0.000000E+00,1.166782E+00,0.000000E+00,6.173968E+00,7.579949E+04,9.590463E+04
16:50:00,1.971429E+00,2.509861E+04,1.166782E+00,0.000000E+00,0.000000E+00,1.166782E+00,0.000000E+00,6.401142E+00,7.824272E+04,9.771790E+04,2.047227E+00,2.447467E+04,1.166782E+00,0.000000E+00,0.000000E+00,1.166782E+00,0.000000E+00,5.399481E+00,6.686945E+04,8.642229E+04,2.548029E+00,2.034948E+04,1.166782E+00,0.000000E+00,0.000000E+00,1.166782E+00,0.000000E+00,6.145913E+00,7.534356E+04,9.543539E+04
17:00:00,1.971432E+00,2.509858E+04,1.166782E+00,0.000000E+00,0.000000E+00,1.166782E+00,0.000000E+00,6.385282E+00,7.792523E+04,9.739209E+04,2.047229E+00,2.447466E+04,1.166782E+00,0.000000E+00,0.000000E+00,1.166782E+00,0.000000E+00,5.378561E+00,6.649452E+04,8.603527E+04,2.548030E+00,2.034948E+04,1.166782E+00,0.000000E+00,0.000000E+00,1.166782E+00,0.000000E+00,6.115031E+00,7.485553E+04,9.493253E+04
17:10:00,1.971435E+00,2.509855E+04,1.166782E+00,0.000000E+00,0.000000E+00,1.166782E+00,0.000000E+00,6.369148E+00,7.757026E+04,9.702823E+04,2.047230E+00,2.447465E+04,1.166782E+00,0.000000E+00,0.000000E+00,1.166782E+00,0.000000E+00,5.356773E+00,6.607537E+04,8.560305E+04,2.548030E+00,2.034947E+04,1.166782E+00,0.000000E+00,0.000000E+00,1.166782E+00,0.000000E+00,6.081972E+00,7.430842E+04,9.436904E+04
17:20:00,1.971439E+00,2.509853E+04,1.166782E+00,0.000000E+00,0.000000E+00,1.166782E+00,0.000000E+00,6.353759E+00,7.722375E+04,9.667336E+04,2.047232E+00,2.447464E+04,1.166782E+00,0.000000E+00,0.000000E+00,1.166782E+00,0.000000E+00,5.333960E+00,6.564458E+04,8.515862E+04,2.548031E+00,2.034947E+04,1.166782E+00,0.000000E+00,0.000000E+00,1.166782E+00,0.000000E+00,6.046612E+00,7.373519E+04,9.377826E+04
17:30:00,1.971442E+00,2.509850E+04,1.166782E+00,0.000000E+00,0.000000E+00,1.166782E+00,0.000000E+00,6.339775E+00,7.689320E+04,9.633447E+04,2.047233E+00,2.447462E+04,1.166782E+00,0.000000E+00,0.000000E+00,1.166782E+00,0.000000E+00,5.310624E+00,6.520784E+04,8.470862E+04,2.548032E+00,2.034946E+04,1.166782E+00,0.000000E+00,0.000000E+00,1.166782E+00,0.000000E+00,6.009505E+00,7.314212E+04,9.316745E+04
17:40:00,1.971445E+00,2.509847E+04,1.166782E+00,0.000000E+00,0.000000E+00,1.166782E+00,0.000000E+00,6.327424E+00,7.658117E+04,9.601387E+04,2.047235E+00,2.447461E+04,1.166782E+00,0.000000E+00,0.000000E+00,1.166782E+00,0.000000E+00,5.287285E+00,6.477109E+04,8.425898E+04,2.548033E+00,2.034946E+04,1.166782E+00,0.000000E+00,0.000000E+00,1.166782E+00,0.000000E+00,5.971206E+00,7.253552E+04,9.254281E+04
17:50:00,1.971448E+00,2.509845E+04,1.166782E+00,0.000000E+00,0.000000E+00,1.166782E+00,0.000000E+00,6.315154E+00,7.627007E+04,9.569263E+04,2.047236E+00,2.447460E+04,1.166782E+00,0.000000E+00,0.000000E+00,1.166782E+00,0.000000E+00,5.262279E+00,6.431539E+04,8.378771E+04,2.548033E+00,2.034945E+04,1.166782E+00,0.000000E+00,0.000000E+00,1.166782E+00,0.000000E+00,5.930062E+00,7.189662E+04,9.188254E+04
18:00:00,1.971452E+00,2.509842E+04,1.166782E+00,0.000000E+00,0.000000E+00,1.166782E+00,0.000000E+00,6.303710E+00,7.596834E+04,9.538323E+04,2.047238E+00,2.447459E+04,1.166782E+00,0.000000E+00,0.000000E+00,1.166782E+00,0.000000E+00,5.236772E+00,6.385401E+04,8.331245E+04,2.548034E+00,2.034944E+04,1.166782E+00,0.000000E+00,0.000000E+00,1.166782E+00,0.000000E+00,5.887335E+00,7.123975E+04,9.120580E+04
18:10:00,1.971455E+00,2.509839E+04,1.166782E+00,0.000000E+00,0.000000E+00,1.166782E+00,0.000000E+00,6.292132E+00,7.557919E+04,9.498551E+04,2.047239E+00,2.447458E+04,1.166782E+00,0.000000E+00,0.000000E+00,1.166782E+00,0.000000E+00,5.210309E+00,6.329588E+04,8.273827E+04,2.548035E+00,2.034944E+04,1.166782E+00,0.000000E+00,0.000000E+00,1.166782E+00,0.000000E+00,5.842584E+00,7.047399E+04,9.041754E+04
18:20:00,1.971458E+00,2.509837E+04,1.166782E+00,0.000000E+00,0.000000E+00,1.166782E+00,0.000000E+00,6.279063E+00,7.517312E+04,9.457021E+04,2.047240E+00,2.447457E+04,1.166782E+00,0.000000E+00,0.000000E+00,1.166782E+00,0.000000E+00,5.182876E+00,6.272674E+04,8.215198E+04,2.548035E+00,2.034943E+04,1.166782E+00,0.000000E+00,0.000000E+00,1.166782E+00,0.000000E+00,5.795807E+00,6.968523E+04,8.960473E+04
18:30:00,1.971461E+00,2.509834E+04,1.166782E+00,0.000000E+00,0.000000E+00,1.166782E+00,0.000000E+00,6.263261E+00,7.473602E+04,9.412243E+04,2.047242E+00,2.447455E+04,1.166782E+00,0.000000E+00,0.000000E+00,1.166782E+00,0.000000E+00,5.153545E+00,6.213605E+04,8.154246E+04,2.548036E+00,2.034943E+04,1.166782E+00,0.000000E+00,0.000000E+00,1.166782E+00,0.000000E+00,5.746129E+00,6.886355E+04,8.875695E+04
18:40:00,1.971464E+00,2.509832E+04,1.166782E+00,0.000000E+00,0.000000E+00,1.166782E+00,0.000000E+00,6.243599E+00,7.425511E+04,9.362892E+04,2.047243E+00,2.447454E+04,1.166782E+00,0.000000E+00,0.000000E+00,1.166782E+00,0.000000E+00,5.121055E+00,6.150949E+04,8.089472E+04,2.548037E+00,2.034942E+04,1.166782E+00,0.000000E+00,0.000000E+00,1.166782E+00,0.000000E+00,5.692377E+00,6.799561E+04,8.786030E+04
18:50:00,1.971467E+00,2.509829E+04,1.166782E+00,0.000000E+00,0.000000E+00,1.166782E+00,0.000000E+00,6.220501E+00,7.373518E+04,9.309597E+04,2.047245E+00,2.447453E+04,1.166782E+00,0.000000E+00,0.000000E+00,1.166782E+00,0.000000E+00,5.086456E+00,6.085900E+04,8.022317E+04,2.548037E+00,2.034942E+04,1.166782E+00,0.000000E+00,0.000000E+00,1.166782E+00,0.000000E+00,5.635671E+00,6.709414E+04,8.692997E+04
19:00:00,1.971470E+00,2.509827E+04,1.166782E+00,0.000000E+00,0.000000E+00,1.166782E+00,0.000000E+00,6.192049E+00,7.315447E+04,9.250051E+04,2.047246E+00,2.447452E+04,1.166782E+00,0.000000E+00,0.000000E+00,1.166782E+00,0.000000E+00,5.047131E+00,6.015485E+04,7.949504E+04,2.548038E+00,2.034941E+04,1.166782E+00,0.000000E+00,0.000000E+00,1.166782E+00,0.000000E+00,5.573446E+00,6.613000E+04,8.593376E+04
19:10:00,1.971473E+00,2.509824E+04,1.166782E+00,0.000000E+00,0.000000E+00,1.166782E+00,0.000000E+00,6.157901E+00,7.257780E+04,9.190909E+04,2.047247E+00,2.447451E+04,1.166782E+00,0.000000E+00,0.000000E+00,1.166782E+00,0.000000E+00,5.002229E+00,5.945610E+04,7.877119E+04,2.548039E+00,2.034940E+04,1.166782E+00,0.000000E+00,0.000000E+00,1.166782E+00,0.000000E+00,5.504937E+00,6.516325E+04,8.493359E+04
19:20:00,1.971476E+00,2.509822E+04,1.166782E+00,0.000000E+00,0.000000E+00,1.166782E+00,0.000000E+00,6.115743E+00,7.191020E+04,9.122208E+04,2.047249E+00,2.447450E+04,1.166782E+00,0.000000E+00,0.000000E+00,1.166782E+00,0.000000E+00,4.948901E+00,5.866170E+04,7.794582E+04,2.548039E+00,2.034940E+04,1.166782E+00,0.000000E+00,0.000000E+00,1.166782E+00,0.000000E+00,5.427324E+00,6.409315E+04,8.382391E+04
19:30:00,1.971479E+00,2.509819E+04,1.166782E+00,0.000000E+00,0.000000E+00,1.166782E+00,0.000000E+00,6.066327E+00,7.116021E+04,9.045135E+04,2.047250E+00,2.447449E+04,1.166782E+00,0.000000E+00,0.000000E+00,1.166782E+00,0.000000E+00,4.888185E+00,5.778344E+04,7.703567E+04,2.548040E+00,2.034939E+04,1.166782E+00,0.000000E+00,0.000000E+00,1.166782E+00,0.000000E+00,5.341655E+00,6.293158E+04,8.262183E+04
19:40:00,1.971482E+00,2.509817E+04,1.166782E+00,0.000000E+00,0.000000E+00,1.166782E+00,0.000000E+00,6.008233E+00,7.031169E+04,8.957766E+04,2.047251E+00,2.447448E+04,1.166782E+00,0.000000E+00,0.000000E+00,1.166782E+00,0.000000E+00,4.818403E+00,5.680224E+04,7.601658E+04,2.548041E+00,2.034939E+04,1.166782E+00,0.000000E+00,0.000000E+00,1.166782E+00,0.000000E+00,5.246231E+00,6.165928E+04,8.130256E+04
19:50:00,1.971485E+00,2.509814E+04,1.166782E+00,0.000000E+00,0.000000E+00,1.166782E+00,0.000000E+00,5.943835E+00,6.939160E+04,8.863149E+04,2.047253E+00,2.447446E+04,1.166782E+00,0.000000E+00,0.000000E+00,1.166782E+00,0.000000E+00,4.741696E+00,5.574242E+04,7.491600E+04,2.548041E+00,2.034938E+04,1.166782E+00,0.000000E+00,0.000000E+00,1.166782E+00,0.000000E+00,5.143240E+00,6.030107E+04,7.989413E+04
20:00:00,1.971488E+00,2.509812E+04,1.166782E+00,0.000000E+00,0.000000E+00,1.166782E+00,0.000000E+00,5.875521E+00,6.842705E+04,8.763921E+04,2.047254E+00,2.447445E+04,1.166782E+00,0.000000E+00,0.000000E+00,1.166782E+00,0.000000E+00,4.661018E+00,5.463753E+04,7.376691E+04,2.548042E+00,2.034938E+04,1.166782E+00,0.000000E+00,0.000000E+00,1.166782E+00,0.000000E+00,5.035689E+00,5.889108E+04,7.842962E+04
20:10:00,1.971491E+00,2.509809E+04,1.166782E+00,0.000000E+00,0.000000E+00,1.166782E+00,0.000000E+00,5.806133E+00,6.748466E+04,8.666715E+04,2.047255E+00,2.447444E+04,1.166782E+00,0.000000E+00,0.000000E+00,1.166782E+00,0.000000E+00,4.579870E+00,5.356163E+04,7.264374E+04,2.548042E+00,2.034937E+04,1.166782E+00,0.000000E+00,0.000000E+00,1.166782E+00,0.000000E+00,4.927180E+00,5.750457E+04,7.698421E+04
20:20:00,1.971494E+00,2.509807E+04,1.166782E+00,0.000000E+00,0.000000E+00,1.166782E+00,0.000000E+00,5.741160E+00,6.659239E+04,8.574557E+04,2.047257E+00,2.447443E+04,1.166782E+00,0.000000E+00,0.000000E+00,1.166782E+00,0.000000E+00,4.504676E+00,5.255334E+04,7.158934E+04,2.548043E+00,2.034937E+04,1.166782E+00,0.000000E+00,0.000000E+00,1.166782E+00,0.000000E+00,4.824322E+00,5.618221E+04,7.560263E+04
20:30:00,1.971497E+00,2.509804E+04,1.166782E+00,0.000000E+00,0.000000E+00,1.166782E+00,0.000000E+00,5.681683E+00,6.576251E+04,8.488466E+04,2.047258E+00,2.447442E+04,1.166782E+00,0.000000E+00,0.000000E+00,1.166782E+00,0.000000E+00,4.436319E+00,5.162266E+04,7.061096E+04,2.548044E+00,2.034936E+04,1.166782E+00,0.000000E+00,0.000000E+00,1.166782E+00,0.000000E+00,4.728169E+00,5.493596E+04,7.429398E+04
20:40:00,1.971500E+00,2.509802E+04,1.166782E+00,0.000000E+00,0.000000E+00,1.166782E+00,0.000000E+00,5.630723E+00,6.502931E+04,8.412287E+04,2.047259E+00,2.447441E+04,1.166782E+00,0.000000E+00,0.000000E+00,1.166782E+00,0.000000E+00,4.378091E+00,5.080697E+04,6.975156E+04,2.548044E+00,2.034936E+04,1.166782E+00,0.000000E+00,0.000000E+00,1.166782E+00,0.000000E+00,4.642243E+00,5.380580E+04,7.310435E+04
20:50:00,1.971503E+00,2.509800E+04,1.166782E+00,0.000000E+00,0.000000E+00,1.166782E+00,0.000000E+00,5.587579E+00,6.438486E+04,8.345339E+04,2.047260E+00,2.447440E+04,1.166782E+00,0.000000E+00,0.000000E+00,1.166782E+00,0.000000E+00,4.329123E+00,5.009639E+04,6.900295E+04,2.548045E+00,2.034935E+04,1.166782E+00,0.000000E+00,0.000000E+00,1.166782E+00,0.000000E+00,4.565897E+00,5.278440E+04,7.202867E+04
21:00:00,1.971506E+00,2.509797E+04,1.166782E+00,0.000000E+00,0.000000E+00,1.166782E+00,0.000000E+00,5.551423E+00,6.381973E+04,8.286787E+04,2.047262E+00,2.447439E+04,1.166782E+00,0.000000E+00,0.000000E+00,1.166782E+00,0.000000E+00,4.288410E+00,4.947953E+04,6.835519E+04,2.548046E+00,2.034935E+04,1.166782E+00,0.000000E+00,0.000000E+00,1.166782E+00,0.000000E+00,4.498340E+00,5.186278E+04,7.105990E+04
21:10:00,1.971509E+00,2.509795E+04,1.166782E+00,0.000000E+00,0.000000E+00,1.166782E+00,0.000000E+00,5.520581E+00,6.331494E+04,8.234662E+04,2.047263E+00,2.447438E+04,1.166782E+00,0.000000E+00,0.000000E+00,1.166782E+00,0.000000E+00,4.253981E+00,4.893401E+04,6.778484E+04,2.548046E+00,2.034934E+04,1.166782E+00,0.000000E+00,0.000000E+00,1.166782E+00,0.000000E+00,4.437781E+00,5.102061E+04,7.017687E+04
21:20:00,1.971511E+00,2.509793E+04,1.166782E+00,0.000000E+00,0.000000E+00,1.166782E+00,0.000000E+00,5.492781E+00,6.284467E+04,8.186141E+04,2.047264E+00,2.447437E+04,1.166782E+00,0.000000E+00,0.000000E+00,1.166782E+00,0.000000E+00,4.223066E+00,4.842840E+04,6.725686E+04,2.548047E+00,2.034934E+04,1.166782E+00,0.000000E+00,0.000000E+00,1.166782E+00,0.000000E+00,4.381596E+00,5.022809E+04,6.934622E+04
21:30:00,1.971514E+00,2.509790E+04,1.166782E+00,0.000000E+00,0.000000E+00,1.166782E+00,0.000000E+00,5.467191E+00,6.239951E+04,8.140216E+04,2.047265E+00,2.447436E+04,1.166782E+00,0.000000E+00,0.000000E+00,1.166782E+00,0.000000E+00,4.194654E+00,4.795119E+04,6.675871E+04,2.548047E+00,2.034933E+04,1.166782E+00,0.000000E+00,0.000000E+00,1.166782E+00,0.000000E+00,4.328895E+00,4.947514E+04,6.855691E+04
21:40:00,1.971517E+00,2.509788E+04,1.166782E+00,0.000000E+00,0.000000E+00,1.166782E+00,0.000000E+00,5.443390E+00,6.197466E+04,8.096392E+04,2.047267E+00,2.447435E+04,1.166782E+00,0.000000E+00,0.000000E+00,1.166782E+00,0.000000E+00,4.168269E+00,4.749701E+04,6.628473E+04,2.548048E+00,2.034933E+04,1.166782E+00,0.000000E+00,0.000000E+00,1.166782E+00,0.000000E+00,4.279319E+00,4.875765E+04,6.780468E+04
21:50:00,1.971520E+00,2.509786E+04,1.166782E+00,0.000000E+00,0.000000E+00,1.166782E+00,0.000000E+00,5.421069E+00,6.156661E+04,8.054304E+04,2.047268E+00,2.447434E+04,1.166782E+00,0.000000E+00,0.000000E+00,1.166782E+00,0.000000E+00,4.143555E+00,4.706181E+04,6.583060E+04,2.548048E+00,2.034932E+04,1.166782E+00,0.000000E+00,0.000000E+00,1.166782E+00,0.000000E+00,4.232532E+00,4.807185E+04,6.708548E+04
22:00:00,1.971523E+00,2.509784E+04,1.166782E+00,0.000000E+00,0.000000E+00,1.166782E+00,0.000000E+00,5.399991E+00,6.117269E+04,8.013673E+04,2.047269E+00,2.447433E+04,1.166782E+00,0.000000E+00,0.000000E+00,1.166782E+00,0.000000E+00,4.120240E+00,4.664249E+04,6.539308E+04,2.548049E+00,2.034932E+04,1.166782E+00,0.000000E+00,0.000000E+00,1.166782E+00,0.000000E+00,4.188256E+00,4.741455E+04,6.639596E+04
22:10:00,1.971525E+00,2.509781E+04,1.166782E+00,0.000000E+00,0.000000E+00,1.166782E+00,0.000000E+00,5.317435E+00,6.011513E+04,7.898987E+04,2.047270E+00,2.447432E+04,1.166782E+00,0.000000E+00,0.000000E+00,1.166782E+00,0.000000E+00,4.034037E+00,4.554354E+04,6.417332E+04,2.548050E+00,2.034931E+04,1.166782E+00,0.000000E+00,0.000000E+00,1.166782E+00,0.000000E+00,4.082186E+00,4.609005E+04,6.493448E+04
22:20:00,1.971528E+00,2.509779E+04,1.166782E+00,0.000000E+00,0.000000E+00,1.166782E+00,0.000000E+00,5.234003E+00,5.904769E+04,7.705771E+04,2.047272E+00,2.447431E+04,1.166782E+00,0.000000E+00,0.000000E+00,1.166782E+00,0.000000E+00,3.946536E+00,4.442992E+04,6.239162E+04,2.548050E+00,2.034931E+04,1.166782E+00,0.000000E+00,0.000000E+00,1.166782E+00,0.000000E+00,3.975874E+00,4.476287E+04,6.292060E+04
22:30:00,1.971531E+00,2.509777E+04,1.166782E+00,0.000000E+00,0.000000E+00,1.166782E+00,0.000000E+00,5.150632E+00,5.798110E+04,7.497833E+04,2.047273E+00,2.447430E+04,1.166782E+00,0.000000E+00,0.000000E+00,1.166782E+00,0.000000E+00,3.859086E+00,4.331697E+04,6.047448E+04,2.548051E+00,2.034930E+04,1.166782E+00,0.000000E+00,0.000000E+00,1.166782E+00,0.000000E+00,3.870590E+00,4.344745E+04,6.078916E+04
22:40:00,1.971533E+00,2.509775E+04,1.166782E+00,0.000000E+00,0.000000E+00,1.166782E+00,0.000000E+00,5.067438E+00,5.691673E+04,7.317826E+04,2.047274E+00,2.447429E+04,1.166782E+00,0.000000E+00,0.000000E+00,1.166782E+00,0.000000E+00,3.771821E+00,4.220622E+04,5.872086E+04,2.548051E+00,2.034930E+04,1.166782E+00,0.000000E+00,0.000000E+00,1.166782E+00,0.000000E+00,3.766361E+00,4.214411E+04,5.883689E+04
22:50:00,1.971536E+00,2.509772E+04,1.166782E+00,0.000000E+00,0.000000E+00,1.166782E+00,0.000000E+00,4.984461E+00,5.585496E+04,7.170283E+04,2.047275E+00,2.447428E+04,1.166782E+00,0.000000E+00,0.000000E+00,1.166782E+00,0.000000E+00,3.684800E+00,4.109832E+04,5.718724E+04,2.548052E+00,2.034929E+04,1.166782E+00,0.000000E+00,0.000000E+00,1.166782E+00,0.000000E+00,3.663197E+00,4.085293E+04,5.711514E+04
23:00:00,1.971539E+00,2.509770E+04,1.166782E+00,0.000000E+00,0.000000E+00,1.166782E+00,0.000000E+00,4.901714E+00,5.479588E+04,7.043652E+04,2.047276E+00,2.447427E+04,1.166782E+00,0.000000E+00,0.000000E+00,1.166782E+00,0.000000E+00,3.598048E+00,3.999351E+04,5.581629E+04,2.548052E+00,2.034929E+04,1.166782E+00,0.000000E+00,0.000000E+00,1.166782E+00,0.000000E+00,3.561079E+00,3.957364E+04,5.556331E+04
23:10:00,1.971541E+00,2.509768E+04,1.166782E+00,0.000000E+00,0.000000E+00,1.166782E+00,0.000000E+00,4.881748E+00,5.444963E+04,7.001041E+04,2.047277E+00,2.447426E+04,1.166782E+00,0.000000E+00,0.000000E+00,1.166782E+00,0.000000E+00,3.575662E+00,3.961952E+04,5.531528E+04,2.548053E+00,2.034929E+04,1.166782E+00,0.000000E+00,0.000000E+00,1.166782E+00,0.000000E+00,3.524082E+00,3.903375E+04,5.489319E+04
23:20:00,1.971544E+00,2.509766E+04,1.166782E+00,0.000000E+00,0.000000E+00,1.166782E+00,0.000000E+00,4.863809E+00,5.412635E+04,6.964192E+04,2.047279E+00,2.447425E+04,1.166782E+00,0.000000E+00,0.000000E+00,1.166782E+00,0.000000E+00,3.555877E+00,3.927501E+04,5.488932E+04,2.548054E+00,2.034928E+04,1.166782E+00,0.000000E+00,0.000000E+00,1.166782E+00,0.000000E+00,3.490391E+00,3.853133E+04,5.430515E+04
23:30:00,1.971546E+00,2.509764E+04,1.166782E+00,0.000000E+00,0.000000E+00,1.166782E+00,0.000000E+00,4.846835E+00,5.381389E+04,6.929696E+04,2.047280E+00,2.447424E+04,1.166782E+00,0.000000E+00,0.000000E+00,1.166782E+00,0.000000E+00,3.537198E+00,3.894298E+04,5.450009E+04,2.548054E+00,2.034928E+04,1.166782E+00,0.000000E+00,0.000000E+00,1.166782E+00,0.000000E+00,3.458485E+00,3.804913E+04,5.376098E+04
23:40:00,1.971549E+00,2.509762E+04,1.166782E+00,0.000000E+00,0.000000E+00,1.166782E+00,0.000000E+00,4.830601E+00,5.350963E+04,6.896752E+04,2.047281E+00,2.447423E+04,1.166782E+00,0.000000E+00,0.000000E+00,1.166782E+00,0.000000E+00,3.519366E+00,3.862048E+04,5.413537E+04,2.548055E+00,2.034927E+04,1.166782E+00,0.000000E+00,0.000000E+00,1.166782E+00,0.000000E+00,3.428083E+00,3.758388E+04,5.324845E+04
23:50:00,1.971552E+00,2.509760E+04,1.166782E+00,0.000000E+00,0.000000E+00,1.166782E+00,0.000000E+00,4.814981E+00,5.321218E+04,6.865097E+04,2.047282E+00,2.447422E+04,1.166782E+00,0.000000E+00,0.000000E+00,1.166782E+00,0.000000E+00,3.502224E+00,3.830573E+04,5.378882E+04,2.548055E+00,2.034927E+04,1.166782E+00,0.000000E+00,0.000000E+00,1.166782E+00,0.000000E+00,3.398991E+00,3.713344E+04,5.276099E+04
24:00:00,1.971554E+00,2.509758E+04,1.166782E+00,0.000000E+00,0.000000E+00,1.166782E+00,0.000000E+00,4.799882E+00,5.292057E+04,6.834509E+04,2.047283E+00,2.447421E+04,1.166782E+00,0.000000E+00,0.000000E+00,1.166782E+00,0.000000E+00,3.485665E+00,3.799754E+04,5.345634E+04,2.548056E+00,2.034926E+04,1.166782E+00,0.000000E+00,0.000000E+00,1.166782E+00,0.000000E+00,3.371064E+00,3.669617E+04,5.229414E+04
Coinc Peak   ,1.971554E+00,6.467558E+00,2.510223E+04,8.017353E+04,2.047283E+00,5.490628E+00,2.447627E+04,6.905338E+04,2.548056E+00,6.269080E+00,2.035029E+04,7.782000E+04
NonCoinc Peak,1.971554E+00,7.019836E+00,2.510223E+04,8.017353E+04,2.047283E+00,6.257345E+00,2.447627E+04,6.905338E+04,2.548056E+00,6.879423E+00,2.035029E+04,7.782000E+04
