Time,LGSTORE1:BUFFALO.NIAGARA.INTL.AP_NY_USA ANN HTG 99.6% CONDNS DB:Des Heat Load [W],LGSTORE1:BUFFALO.NIAGARA.INTL.AP_NY_USA ANN CLG .4% CONDNS DB=>MWB:Des Sens Cool Load [W],LGSTORE1:BUFFALO.NIAGARA.INTL.AP_NY_USA ANN HTG 99.6% CONDNS DB:Des Heat Mass Flow [kg/s],LGSTORE1:BUFFALO.NIAGARA.INTL.AP_NY_USA ANN CLG .4% CONDNS DB=>MWB:Des Cool Mass Flow [kg/s],SMSTORE1:BUFFALO.NIAGARA.INTL.AP_NY_USA ANN HTG 99.6% CONDNS DB:Des Heat Load [W],SMSTORE1:BUFFALO.NIAGARA.INTL.AP_NY_USA ANN CLG .4% CONDNS DB=>MWB:Des Sens Cool Load [W],SMSTORE1:BUFFALO.NIAGARA.INTL.AP_NY_USA ANN HTG 99.6% CONDNS DB:Des Heat Mass Flow [kg/s],SMSTORE1:BUFFALO.NIAGARA.INTL.AP_NY_USA ANN CLG .4% CONDNS DB=>MWB:Des Cool Mass Flow [kg/s],SMSTORE2:BUFFALO.NIAGARA.INTL.AP_NY_USA ANN HTG 99.6% CONDNS DB:Des Heat Load [W],SMSTORE2:BUFFALO.NIAGARA.INTL.AP_NY_USA ANN CLG .4% CONDNS DB=>MWB:Des Sens Cool Load [W],SMSTORE2:BUFFALO.NIAGARA.INTL.AP_NY_USA ANN HTG 99.6% CONDNS DB:Des Heat Mass Flow [kg/s],SMSTORE2:BUFFALO.NIAGARA.INTL.AP_NY_USA ANN CLG .4% CONDNS DB=>MWB:Des Cool Mass Flow [kg/s],SMSTORE3:BUFFALO.NIAGARA.INTL.AP_NY_USA ANN HTG 99.6% CONDNS DB:Des Heat Load [W],SMSTORE3:BUFFALO.NIAGARA.INTL.AP_NY_USA ANN CLG .4% CONDNS DB=>MWB:Des Sens Cool Load [W],SMSTORE3:BUFFALO.NIAGARA.INTL.AP_NY_USA ANN HTG 99.6% CONDNS DB:Des Heat Mass Flow [kg/s],SMSTORE3:BUFFALO.NIAGARA.INTL.AP_NY_USA ANN CLG .4% CONDNS DB=>MWB:Des Cool Mass Flow [kg/s],SMSTORE4:BUFFALO.NIAGARA.INTL.AP_NY_USA ANN HTG 99.6% CONDNS DB:Des Heat Load [W],SMSTORE4:BUFFALO.NIAGARA.INTL.AP_NY_USA ANN CLG .4% CONDNS DB=>MWB:Des Sens Cool Load [W],SMSTORE4:BUFFALO.NIAGARA.INTL.AP_NY_USA ANN HTG 99.6% CONDNS DB:Des Heat Mass Flow [kg/s],SMSTORE4:BUFFALO.NIAGARA.INTL.AP_NY_USA ANN CLG .4% CONDNS DB=>MWB:Des Cool Mass Flow [kg/s],LGSTORE2:BUFFALO.NIAGARA.INTL.AP_NY_USA ANN HTG 99.6% CONDNS DB:Des Heat Load [W],LGSTORE2:BUFFALO.NIAGARA.INTL.AP_NY_USA ANN CLG .4% CONDNS DB=>MWB:Des Sens Cool Load [W],LGSTORE2:BUFFALO.NIAGARA.INTL.AP_NY_USA ANN HTG 99.6% CONDNS DB:Des Heat Mass Flow [kg/s],LGSTORE2:BUFFALO.NIAGARA.INTL.AP_NY_USA ANN CLG .4% CONDNS DB=>MWB:Des Cool Mass Flow [kg/s],SMSTORE5:BUFFALO.NIAGARA.INTL.AP_NY_USA ANN HTG 99.6% CONDNS DB:Des Heat Load [W],SMSTORE5:BUFFALO.NIAGARA.INTL.AP_NY_USA ANN CLG .4% CONDNS DB=>MWB:Des Sens Cool Load [W],SMSTORE5:BUFFALO.NIAGARA.INTL.AP_NY_USA ANN HTG 99.6% CONDNS DB:Des Heat Mass Flow [kg/s],SMSTORE5:BUFFALO.NIAGARA.INTL.AP_NY_USA ANN CLG .4% CONDNS DB=>MWB:Des Cool Mass Flow [kg/s],SMSTORE6:BUFFALO.NIAGARA.INTL.AP_NY_USA ANN HTG 99.6% CONDNS DB:Des Heat Load [W],SMSTORE6:BUFFALO.NIAGARA.INTL.AP_NY_USA ANN CLG .4% CONDNS DB=>MWB:Des Sens Cool Load [W],SMSTORE6:BUFFALO.NIAGARA.INTL.AP_NY_USA ANN HTG 99.6% CONDNS DB:Des Heat Mass Flow [kg/s],SMSTORE6:BUFFALO.NIAGARA.INTL.AP_NY_USA ANN CLG .4% CONDNS DB=>MWB:Des Cool Mass Flow [kg/s],SMSTORE7:BUFFALO.NIAGARA.INTL.AP_NY_USA ANN HTG 99.6% CONDNS DB:Des Heat Load [W],SMSTORE7:BUFFALO.NIAGARA.INTL.AP_NY_USA ANN CLG .4% CONDNS DB=>MWB:Des Sens Cool Load [W],SMSTORE7:BUFFALO.NIAGARA.INTL.AP_NY_USA ANN HTG 99.6% CONDNS DB:Des Heat Mass Flow [kg/s],SMSTORE7:BUFFALO.NIAGARA.INTL.AP_NY_USA ANN CLG .4% CONDNS DB=>MWB:Des Cool Mass Flow [kg/s],SMSTORE8:BUFFALO.NIAGARA.INTL.AP_NY_USA ANN HTG 99.6% CONDNS DB:Des Heat Load [W],SMSTORE8:BUFFALO.NIAGARA.INTL.AP_NY_USA ANN CLG .4% CONDNS DB=>MWB:Des Sens Cool Load [W],SMSTORE8:BUFFALO.NIAGARA.INTL.AP_NY_USA ANN HTG 99.6% CONDNS DB:Des Heat Mass Flow [kg/s],SMSTORE8:BUFFALO.NIAGARA.INTL.AP_NY_USA ANN CLG .4% CONDNS DB=>MWB:Des Cool Mass Flow [kg/s]
00:10:00,1.164510E+04,6.976007E+03,5.709513E-01,6.103200E-01,4.326502E+03,3.612356E+03,2.121324E-01,3.160327E-01,4.230558E+03,3.574283E+03,2.074282E-01,3.127019E-01,4.224832E+03,3.573537E+03,2.071474E-01,3.126365E-01,4.293937E+03,3.562011E+03,2.105357E-01,3.116281E-01,8.442283E+03,7.041648E+03,4.139323E-01,6.160511E-01,4.246487E+03,3.605452E+03,2.082092E-01,3.154287E-01,4.235066E+03,3.573577E+03,2.076492E-01,3.126400E-01,4.411909E+03,3.523682E+03,2.163200E-01,3.082749E-01,7.379805E+03,3.280811E+03,3.618168E-01,2.870374E-01
00:20:00,1.164399E+04,6.921202E+03,5.708972E-01,6.055253E-01,4.325893E+03,3.593972E+03,2.121027E-01,3.144243E-01,4.229942E+03,3.556599E+03,2.073980E-01,3.111547E-01,4.224212E+03,3.555887E+03,2.071171E-01,3.110924E-01,4.293301E+03,3.544267E+03,2.105046E-01,3.100758E-01,8.440919E+03,7.006745E+03,4.138656E-01,6.129976E-01,4.245852E+03,3.587707E+03,2.081781E-01,3.138762E-01,4.234453E+03,3.555889E+03,2.076192E-01,3.110926E-01,4.411332E+03,3.505379E+03,2.162918E-01,3.066736E-01,7.379378E+03,3.251483E+03,3.617959E-01,2.844715E-01
00:30:00,1.164290E+04,6.868213E+03,5.708437E-01,6.008894E-01,4.325294E+03,3.576005E+03,2.120734E-01,3.128524E-01,4.229335E+03,3.539301E+03,2.073683E-01,3.096414E-01,4.223601E+03,3.538623E+03,2.070872E-01,3.095821E-01,4.292675E+03,3.526912E+03,2.104740E-01,3.085575E-01,8.439573E+03,6.972635E+03,4.137998E-01,6.100134E-01,4.245226E+03,3.570349E+03,2.081475E-01,3.123577E-01,4.233848E+03,3.538586E+03,2.075896E-01,3.095788E-01,4.410764E+03,3.487475E+03,2.162640E-01,3.051072E-01,7.378956E+03,3.222891E+03,3.617753E-01,2.819699E-01
00:40:00,1.164182E+04,6.816898E+03,5.707909E-01,5.964000E-01,4.324704E+03,3.558439E+03,2.120445E-01,3.113157E-01,4.228736E+03,3.522383E+03,2.073391E-01,3.081613E-01,4.222999E+03,3.521739E+03,2.070578E-01,3.081049E-01,4.292058E+03,3.509935E+03,2.104438E-01,3.070722E-01,8.438244E+03,6.939263E+03,4.137347E-01,6.070938E-01,4.244609E+03,3.553370E+03,2.081173E-01,3.108722E-01,4.233253E+03,3.521664E+03,2.075605E-01,3.080983E-01,4.410204E+03,3.469962E+03,2.162366E-01,3.035751E-01,7.378541E+03,3.195006E+03,3.617549E-01,2.795303E-01
00:50:00,1.164076E+04,6.767117E+03,5.707388E-01,5.920447E-01,4.324121E+03,3.541266E+03,2.120160E-01,3.098133E-01,4.228146E+03,3.505835E+03,2.073102E-01,3.067135E-01,4.222405E+03,3.505223E+03,2.070287E-01,3.066600E-01,4.291449E+03,3.493326E+03,2.104140E-01,3.056191E-01,8.436932E+03,6.906569E+03,4.136705E-01,6.042335E-01,4.244000E+03,3.536758E+03,2.080875E-01,3.094189E-01,4.232665E+03,3.505110E+03,2.075318E-01,3.066501E-01,4.409652E+03,3.452830E+03,2.162097E-01,3.020762E-01,7.378130E+03,3.167802E+03,3.617348E-01,2.771502E-01
01:00:00,1.163971E+04,6.718771E+03,5.706872E-01,5.878150E-01,4.323546E+03,3.524473E+03,2.119878E-01,3.083441E-01,4.227564E+03,3.489645E+03,2.072817E-01,3.052971E-01,4.221819E+03,3.489065E+03,2.070000E-01,3.052464E-01,4.290847E+03,3.477074E+03,2.103845E-01,3.041973E-01,8.435636E+03,6.874526E+03,4.136071E-01,6.014302E-01,4.243399E+03,3.520504E+03,2.080581E-01,3.079969E-01,4.232085E+03,3.488914E+03,2.075034E-01,3.052332E-01,4.409108E+03,3.436067E+03,2.161830E-01,3.006097E-01,7.377725E+03,3.141254E+03,3.617149E-01,2.748276E-01
01:10:00,1.163972E+04,6.672157E+03,5.706877E-01,5.837369E-01,4.323539E+03,3.508195E+03,2.119875E-01,3.069200E-01,4.227555E+03,3.473950E+03,2.072813E-01,3.039240E-01,4.221811E+03,3.473400E+03,2.069997E-01,3.038760E-01,4.290841E+03,3.461320E+03,2.103843E-01,3.028190E-01,8.435642E+03,6.843461E+03,4.136074E-01,5.987124E-01,4.243392E+03,3.504748E+03,2.080578E-01,3.066185E-01,4.232077E+03,3.473212E+03,2.075030E-01,3.038595E-01,4.409098E+03,3.419802E+03,2.161826E-01,2.991868E-01,7.377718E+03,3.115529E+03,3.617146E-01,2.725769E-01
01:20:00,1.163973E+04,6.627027E+03,5.706883E-01,5.797886E-01,4.323533E+03,3.492326E+03,2.119873E-01,3.055317E-01,4.227549E+03,3.458647E+03,2.072811E-01,3.025853E-01,4.221805E+03,3.458128E+03,2.069994E-01,3.025398E-01,4.290837E+03,3.445958E+03,2.103841E-01,3.014751E-01,8.435651E+03,6.813148E+03,4.136080E-01,5.960604E-01,4.243388E+03,3.489384E+03,2.080576E-01,3.052743E-01,4.232071E+03,3.457902E+03,2.075027E-01,3.025201E-01,4.409091E+03,3.403937E+03,2.161823E-01,2.977988E-01,7.377713E+03,3.090540E+03,3.617144E-01,2.703906E-01
01:30:00,1.163974E+04,6.583363E+03,5.706891E-01,5.759685E-01,4.323530E+03,3.476873E+03,2.119871E-01,3.041798E-01,4.227546E+03,3.443744E+03,2.072809E-01,3.012814E-01,4.221802E+03,3.443254E+03,2.069993E-01,3.012386E-01,4.290835E+03,3.430994E+03,2.103841E-01,3.001660E-01,8.435665E+03,6.783606E+03,4.136087E-01,5.934759E-01,4.243386E+03,3.474418E+03,2.080576E-01,3.039650E-01,4.232067E+03,3.442991E+03,2.075026E-01,3.012155E-01,4.409086E+03,3.388480E+03,2.161821E-01,2.964465E-01,7.377708E+03,3.066287E+03,3.617142E-01,2.682687E-01
01:40:00,1.163976E+04,6.541131E+03,5.706899E-01,5.722737E-01,4.323529E+03,3.461836E+03,2.119871E-01,3.028643E-01,4.227544E+03,3.429242E+03,2.072809E-01,3.000127E-01,4.221800E+03,3.428780E+03,2.069992E-01,2.999723E-01,4.290835E+03,3.416432E+03,2.103841E-01,2.988920E-01,8.435682E+03,6.754842E+03,4.136096E-01,5.909594E-01,4.243385E+03,3.459854E+03,2.080576E-01,3.026908E-01,4.232065E+03,3.428480E+03,2.075025E-01,2.999461E-01,4.409083E+03,3.373431E+03,2.161819E-01,2.951299E-01,7.377705E+03,3.042767E+03,3.617140E-01,2.662110E-01
01:50:00,1.163978E+04,6.500302E+03,5.706908E-01,5.687017E-01,4.323529E+03,3.447217E+03,2.119872E-01,3.015853E-01,4.227544E+03,3.415142E+03,2.072809E-01,2.987792E-01,4.221801E+03,3.414709E+03,2.069993E-01,2.987413E-01,4.290837E+03,3.402272E+03,2.103842E-01,2.976532E-01,8.435702E+03,6.726858E+03,4.136106E-01,5.885113E-01,4.243387E+03,3.445692E+03,2.080577E-01,3.014518E-01,4.232065E+03,3.414371E+03,2.075026E-01,2.987118E-01,4.409082E+03,3.358792E+03,2.161819E-01,2.938492E-01,7.377702E+03,3.019976E+03,3.617139E-01,2.642170E-01
02:00:00,1.163980E+04,6.460850E+03,5.706917E-01,5.652502E-01,4.323531E+03,3.433014E+03,2.119873E-01,3.003428E-01,4.227546E+03,3.401446E+03,2.072810E-01,2.975810E-01,4.221802E+03,3.401040E+03,2.069994E-01,2.975454E-01,4.290840E+03,3.388516E+03,2.103844E-01,2.964497E-01,8.435724E+03,6.699660E+03,4.136118E-01,5.861318E-01,4.243390E+03,3.431933E+03,2.080579E-01,3.002482E-01,4.232066E+03,3.400666E+03,2.075026E-01,2.975127E-01,4.409082E+03,3.344563E+03,2.161819E-01,2.926044E-01,7.377700E+03,2.997909E+03,3.617138E-01,2.622864E-01
02:10:00,1.163982E+04,6.422532E+03,5.706927E-01,5.618979E-01,4.323535E+03,3.419157E+03,2.119875E-01,2.991305E-01,4.227549E+03,3.388082E+03,2.072811E-01,2.964118E-01,4.221806E+03,3.387703E+03,2.069996E-01,2.963786E-01,4.290845E+03,3.375092E+03,2.103846E-01,2.952753E-01,8.435749E+03,6.673105E+03,4.136130E-01,5.838086E-01,4.243395E+03,3.418507E+03,2.080581E-01,2.990736E-01,4.232069E+03,3.387292E+03,2.075028E-01,2.963427E-01,4.409083E+03,3.330674E+03,2.161820E-01,2.913893E-01,7.377698E+03,2.976416E+03,3.617137E-01,2.604059E-01
02:20:00,1.163984E+04,6.385314E+03,5.706938E-01,5.586418E-01,4.323539E+03,3.405639E+03,2.119877E-01,2.979478E-01,4.227553E+03,3.375044E+03,2.072814E-01,2.952712E-01,4.221810E+03,3.374691E+03,2.069998E-01,2.952403E-01,4.290851E+03,3.361995E+03,2.103849E-01,2.941295E-01,8.435776E+03,6.647182E+03,4.136144E-01,5.815408E-01,4.243400E+03,3.405407E+03,2.080584E-01,2.979276E-01,4.232073E+03,3.374244E+03,2.075030E-01,2.952012E-01,4.409086E+03,3.317117E+03,2.161822E-01,2.902033E-01,7.377698E+03,2.955488E+03,3.617136E-01,2.585750E-01
02:30:00,1.163986E+04,6.349163E+03,5.706949E-01,5.554790E-01,4.323545E+03,3.392453E+03,2.119880E-01,2.967942E-01,4.227558E+03,3.362327E+03,2.072817E-01,2.941586E-01,4.221816E+03,3.361999E+03,2.070001E-01,2.941299E-01,4.290858E+03,3.349218E+03,2.103853E-01,2.930117E-01,8.435804E+03,6.621880E+03,4.136158E-01,5.793272E-01,4.243407E+03,3.392628E+03,2.080587E-01,2.968095E-01,4.232078E+03,3.361516E+03,2.075033E-01,2.940877E-01,4.409090E+03,3.303888E+03,2.161824E-01,2.890459E-01,7.377697E+03,2.935116E+03,3.617136E-01,2.567927E-01
02:40:00,1.163988E+04,6.314045E+03,5.706960E-01,5.524066E-01,4.323551E+03,3.379590E+03,2.119883E-01,2.956689E-01,4.227564E+03,3.349922E+03,2.072820E-01,2.930734E-01,4.221822E+03,3.349619E+03,2.070004E-01,2.930469E-01,4.290865E+03,3.336754E+03,2.103857E-01,2.919213E-01,8.435834E+03,6.597184E+03,4.136173E-01,5.771667E-01,4.243415E+03,3.380162E+03,2.080591E-01,2.957189E-01,4.232085E+03,3.349100E+03,2.075036E-01,2.930015E-01,4.409094E+03,3.290978E+03,2.161826E-01,2.879165E-01,7.377697E+03,2.915291E+03,3.617136E-01,2.550582E-01
02:50:00,1.163991E+04,6.279930E+03,5.706972E-01,5.494220E-01,4.323559E+03,3.367044E+03,2.119887E-01,2.945713E-01,4.227572E+03,3.337823E+03,2.072823E-01,2.920149E-01,4.221829E+03,3.337545E+03,2.070008E-01,2.919906E-01,4.290874E+03,3.324596E+03,2.103861E-01,2.908577E-01,8.435865E+03,6.573083E+03,4.136188E-01,5.750582E-01,4.243423E+03,3.368002E+03,2.080596E-01,2.946552E-01,4.232092E+03,3.336990E+03,2.075040E-01,2.919420E-01,4.409100E+03,3.278381E+03,2.161829E-01,2.868145E-01,7.377698E+03,2.896002E+03,3.617137E-01,2.533706E-01
03:00:00,1.163993E+04,6.246789E+03,5.706984E-01,5.465225E-01,4.323567E+03,3.354808E+03,2.119891E-01,2.935009E-01,4.227579E+03,3.326025E+03,2.072827E-01,2.909827E-01,4.221837E+03,3.325771E+03,2.070012E-01,2.909605E-01,4.290884E+03,3.312740E+03,2.103866E-01,2.898204E-01,8.435898E+03,6.549565E+03,4.136205E-01,5.730007E-01,4.243433E+03,3.356143E+03,2.080600E-01,2.936177E-01,4.232099E+03,3.325180E+03,2.075044E-01,2.909088E-01,4.409106E+03,3.266091E+03,2.161832E-01,2.857393E-01,7.377698E+03,2.877240E+03,3.617137E-01,2.517292E-01
03:10:00,1.163996E+04,6.214372E+03,5.706996E-01,5.436865E-01,4.323575E+03,3.342804E+03,2.119895E-01,2.924507E-01,4.227588E+03,3.314448E+03,2.072832E-01,2.899699E-01,4.221846E+03,3.314218E+03,2.070016E-01,2.899498E-01,4.290894E+03,3.301105E+03,2.103871E-01,2.888025E-01,8.435932E+03,6.526474E+03,4.136221E-01,5.709805E-01,4.243443E+03,3.344506E+03,2.080605E-01,2.925996E-01,4.232108E+03,3.313592E+03,2.075048E-01,2.898950E-01,4.409113E+03,3.254030E+03,2.161835E-01,2.846841E-01,7.377700E+03,2.858849E+03,3.617137E-01,2.501201E-01
03:20:00,1.163998E+04,6.182645E+03,5.707009E-01,5.409108E-01,4.323585E+03,3.331020E+03,2.119900E-01,2.914197E-01,4.227597E+03,3.303081E+03,2.072836E-01,2.889755E-01,4.221856E+03,3.302875E+03,2.070021E-01,2.889574E-01,4.290904E+03,3.289681E+03,2.103876E-01,2.878031E-01,8.435966E+03,6.503788E+03,4.136238E-01,5.689958E-01,4.243453E+03,3.333080E+03,2.080611E-01,2.916000E-01,4.232117E+03,3.302214E+03,2.075052E-01,2.888996E-01,4.409120E+03,3.242185E+03,2.161839E-01,2.836479E-01,7.377701E+03,2.840814E+03,3.617138E-01,2.485423E-01
03:30:00,1.164001E+04,6.151570E+03,5.707021E-01,5.381921E-01,4.323594E+03,3.319443E+03,2.119905E-01,2.904069E-01,4.227607E+03,3.291914E+03,2.072841E-01,2.879985E-01,4.221866E+03,3.291731E+03,2.070026E-01,2.879825E-01,4.290916E+03,3.278457E+03,2.103882E-01,2.868212E-01,8.436001E+03,6.481485E+03,4.136256E-01,5.670446E-01,4.243464E+03,3.321854E+03,2.080616E-01,2.906179E-01,4.232127E+03,3.291034E+03,2.075057E-01,2.879215E-01,4.409128E+03,3.230547E+03,2.161843E-01,2.826296E-01,7.377703E+03,2.823123E+03,3.617139E-01,2.469945E-01
03:40:00,1.164003E+04,6.121110E+03,5.707034E-01,5.355272E-01,4.323605E+03,3.308062E+03,2.119910E-01,2.894112E-01,4.227617E+03,3.280935E+03,2.072846E-01,2.870380E-01,4.221876E+03,3.280774E+03,2.070031E-01,2.870239E-01,4.290927E+03,3.267421E+03,2.103888E-01,2.858557E-01,8.436037E+03,6.459544E+03,4.136273E-01,5.651251E-01,4.243476E+03,3.310816E+03,2.080622E-01,2.896522E-01,4.232137E+03,3.280043E+03,2.075062E-01,2.869599E-01,4.409137E+03,3.219102E+03,2.161847E-01,2.816284E-01,7.377705E+03,2.805755E+03,3.617140E-01,2.454749E-01
03:50:00,1.164006E+04,6.091231E+03,5.707047E-01,5.329132E-01,4.323615E+03,3.296866E+03,2.119915E-01,2.884318E-01,4.227628E+03,3.270132E+03,2.072851E-01,2.860929E-01,4.221887E+03,3.269993E+03,2.070037E-01,2.860808E-01,4.290939E+03,3.256562E+03,2.103894E-01,2.849057E-01,8.436074E+03,6.437944E+03,4.136291E-01,5.632354E-01,4.243488E+03,3.299955E+03,2.080628E-01,2.887020E-01,4.232147E+03,3.269228E+03,2.075067E-01,2.860138E-01,4.409145E+03,3.207841E+03,2.161851E-01,2.806433E-01,7.377707E+03,2.788694E+03,3.617141E-01,2.439823E-01
04:00:00,1.164008E+04,6.061901E+03,5.707060E-01,5.303472E-01,4.323626E+03,3.285846E+03,2.119921E-01,2.874676E-01,4.227639E+03,3.259497E+03,2.072857E-01,2.851625E-01,4.221898E+03,3.259380E+03,2.070042E-01,2.851522E-01,4.290952E+03,3.245871E+03,2.103900E-01,2.839704E-01,8.436111E+03,6.416666E+03,4.136310E-01,5.613739E-01,4.243500E+03,3.289261E+03,2.080634E-01,2.877664E-01,4.232158E+03,3.258580E+03,2.075073E-01,2.850823E-01,4.409154E+03,3.196754E+03,2.161856E-01,2.796733E-01,7.377709E+03,2.771923E+03,3.617142E-01,2.425151E-01
04:10:00,1.164011E+04,6.033311E+03,5.707073E-01,5.278459E-01,4.323638E+03,3.275062E+03,2.119926E-01,2.865242E-01,4.227650E+03,3.249091E+03,2.072863E-01,2.842522E-01,4.221910E+03,3.248996E+03,2.070048E-01,2.842438E-01,4.290964E+03,3.235410E+03,2.103906E-01,2.830552E-01,8.436148E+03,6.395836E+03,4.136328E-01,5.595516E-01,4.243513E+03,3.278798E+03,2.080640E-01,2.868511E-01,4.232169E+03,3.248162E+03,2.075078E-01,2.841708E-01,4.409164E+03,3.185904E+03,2.161861E-01,2.787240E-01,7.377712E+03,2.755578E+03,3.617144E-01,2.410850E-01
04:20:00,1.164014E+04,6.005435E+03,5.707086E-01,5.254071E-01,4.323649E+03,3.264509E+03,2.119932E-01,2.856010E-01,4.227662E+03,3.238909E+03,2.072868E-01,2.833614E-01,4.221922E+03,3.238835E+03,2.070054E-01,2.833549E-01,4.290977E+03,3.225173E+03,2.103912E-01,2.821596E-01,8.436186E+03,6.375443E+03,4.136347E-01,5.577674E-01,4.243526E+03,3.268558E+03,2.080647E-01,2.859553E-01,4.232181E+03,3.237967E+03,2.075084E-01,2.832789E-01,4.409174E+03,3.175283E+03,2.161865E-01,2.777948E-01,7.377715E+03,2.739641E+03,3.617145E-01,2.396907E-01
04:30:00,1.164016E+04,5.978265E+03,5.707099E-01,5.230300E-01,4.323661E+03,3.254187E+03,2.119938E-01,2.846979E-01,4.227674E+03,3.228951E+03,2.072874E-01,2.824902E-01,4.221934E+03,3.228898E+03,2.070060E-01,2.824856E-01,4.290991E+03,3.215160E+03,2.103919E-01,2.812836E-01,8.436225E+03,6.355489E+03,4.136366E-01,5.560218E-01,4.243539E+03,3.258543E+03,2.080653E-01,2.850791E-01,4.232193E+03,3.227997E+03,2.075090E-01,2.824067E-01,4.409184E+03,3.164892E+03,2.161870E-01,2.768858E-01,7.377718E+03,2.724107E+03,3.617147E-01,2.383316E-01
04:40:00,1.164019E+04,5.951788E+03,5.707112E-01,5.207136E-01,4.323673E+03,3.244096E+03,2.119944E-01,2.838151E-01,4.227686E+03,3.219218E+03,2.072880E-01,2.816387E-01,4.221946E+03,3.219186E+03,2.070066E-01,2.816359E-01,4.291004E+03,3.205373E+03,2.103926E-01,2.804273E-01,8.436263E+03,6.335976E+03,4.136385E-01,5.543147E-01,4.243552E+03,3.248754E+03,2.080660E-01,2.842226E-01,4.232205E+03,3.218251E+03,2.075096E-01,2.815540E-01,4.409194E+03,3.154732E+03,2.161875E-01,2.759970E-01,7.377721E+03,2.708976E+03,3.617148E-01,2.370078E-01
04:50:00,1.164022E+04,5.925997E+03,5.707126E-01,5.184572E-01,4.323685E+03,3.234237E+03,2.119950E-01,2.829526E-01,4.227699E+03,3.209710E+03,2.072886E-01,2.808069E-01,4.221959E+03,3.209698E+03,2.070072E-01,2.808058E-01,4.291018E+03,3.195811E+03,2.103932E-01,2.795908E-01,8.436302E+03,6.316904E+03,4.136404E-01,5.526462E-01,4.243566E+03,3.239189E+03,2.080666E-01,2.833859E-01,4.232217E+03,3.208730E+03,2.075102E-01,2.807211E-01,4.409204E+03,3.144804E+03,2.161881E-01,2.751284E-01,7.377725E+03,2.694243E+03,3.617150E-01,2.357188E-01
05:00:00,1.164025E+04,5.902391E+03,5.707139E-01,5.163920E-01,4.323698E+03,3.225320E+03,2.119956E-01,2.821725E-01,4.227711E+03,3.201132E+03,2.072892E-01,2.800564E-01,4.221971E+03,3.201140E+03,2.070078E-01,2.800571E-01,4.291032E+03,3.187185E+03,2.103939E-01,2.788362E-01,8.436341E+03,6.299816E+03,4.136423E-01,5.511512E-01,4.243580E+03,3.230562E+03,2.080673E-01,2.826311E-01,4.232229E+03,3.200138E+03,2.075108E-01,2.799695E-01,4.409215E+03,3.135804E+03,2.161886E-01,2.743410E-01,7.377728E+03,2.680625E+03,3.617151E-01,2.345274E-01
05:10:00,1.164027E+04,5.883023E+03,5.707153E-01,5.146976E-01,4.323710E+03,3.218266E+03,2.119962E-01,2.815554E-01,4.227724E+03,3.194404E+03,2.072899E-01,2.794678E-01,4.221984E+03,3.194432E+03,2.070085E-01,2.794702E-01,4.291046E+03,3.180413E+03,2.103946E-01,2.782437E-01,8.436380E+03,6.286556E+03,4.136442E-01,5.499911E-01,4.243594E+03,3.223787E+03,2.080680E-01,2.820384E-01,4.232242E+03,3.193397E+03,2.075114E-01,2.793797E-01,4.409226E+03,3.128659E+03,2.161891E-01,2.737160E-01,7.377732E+03,2.669108E+03,3.617153E-01,2.335198E-01
05:20:00,1.164030E+04,5.869818E+03,5.707166E-01,5.135423E-01,4.323723E+03,3.214034E+03,2.119968E-01,2.811851E-01,4.227737E+03,3.190479E+03,2.072905E-01,2.791245E-01,4.221997E+03,3.190527E+03,2.070091E-01,2.791286E-01,4.291060E+03,3.176453E+03,2.103953E-01,2.778973E-01,8.436419E+03,6.279066E+03,4.136461E-01,5.493359E-01,4.243608E+03,3.219825E+03,2.080687E-01,2.816918E-01,4.232255E+03,3.189459E+03,2.075120E-01,2.790352E-01,4.409236E+03,3.124318E+03,2.161896E-01,2.733362E-01,7.377736E+03,2.660780E+03,3.617155E-01,2.327912E-01
05:30:00,1.164033E+04,5.863685E+03,5.707179E-01,5.130059E-01,4.323736E+03,3.213099E+03,2.119975E-01,2.811034E-01,4.227750E+03,3.189831E+03,2.072911E-01,2.790678E-01,4.222011E+03,3.189898E+03,2.070098E-01,2.790737E-01,4.291074E+03,3.175780E+03,2.103960E-01,2.778385E-01,8.436458E+03,6.278240E+03,4.136481E-01,5.492637E-01,4.243622E+03,3.219149E+03,2.080694E-01,2.816328E-01,4.232267E+03,3.188797E+03,2.075127E-01,2.789773E-01,4.409248E+03,3.123252E+03,2.161902E-01,2.732430E-01,7.377740E+03,2.656250E+03,3.617157E-01,2.323949E-01
05:40:00,1.164036E+04,5.865209E+03,5.707193E-01,5.131393E-01,4.323749E+03,3.215757E+03,2.119981E-01,2.813360E-01,4.227763E+03,3.192753E+03,2.072918E-01,2.793235E-01,4.222024E+03,3.192839E+03,2.070104E-01,2.793310E-01,4.291088E+03,3.178691E+03,2.103967E-01,2.780932E-01,8.436498E+03,6.284625E+03,4.136500E-01,5.498225E-01,4.243636E+03,3.222058E+03,2.080701E-01,2.818873E-01,4.232280E+03,3.191704E+03,2.075133E-01,2.792317E-01,4.409259E+03,3.125760E+03,2.161907E-01,2.734624E-01,7.377744E+03,2.656192E+03,3.617159E-01,2.323900E-01
05:50:00,1.164038E+04,5.876172E+03,5.707206E-01,5.140987E-01,4.323762E+03,3.222872E+03,2.119987E-01,2.819585E-01,4.227776E+03,3.200106E+03,2.072924E-01,2.799668E-01,4.222037E+03,3.200210E+03,2.070111E-01,2.799760E-01,4.291103E+03,3.186049E+03,2.103974E-01,2.787370E-01,8.436537E+03,6.299930E+03,4.136519E-01,5.511616E-01,4.243651E+03,3.229414E+03,2.080708E-01,2.825309E-01,4.232294E+03,3.199042E+03,2.075139E-01,2.798738E-01,4.409270E+03,3.132706E+03,2.161913E-01,2.740702E-01,7.377748E+03,2.662079E+03,3.617161E-01,2.329051E-01
06:00:00,1.164041E+04,5.895657E+03,5.707220E-01,5.158037E-01,4.323775E+03,3.234010E+03,2.119994E-01,2.829331E-01,4.227789E+03,3.211462E+03,2.072931E-01,2.809605E-01,4.222051E+03,3.211585E+03,2.070117E-01,2.809712E-01,4.291117E+03,3.197422E+03,2.103981E-01,2.797321E-01,8.436576E+03,6.323227E+03,4.136538E-01,5.531999E-01,4.243665E+03,3.240785E+03,2.080715E-01,2.835258E-01,4.232307E+03,3.210383E+03,2.075146E-01,2.808661E-01,4.409281E+03,3.143684E+03,2.161918E-01,2.750307E-01,7.377752E+03,2.674315E+03,3.617163E-01,2.339758E-01
06:10:00,1.164044E+04,5.923693E+03,5.707233E-01,5.182568E-01,4.323788E+03,3.249077E+03,2.120000E-01,2.842513E-01,4.227803E+03,3.226714E+03,2.072938E-01,2.822949E-01,4.222064E+03,3.226855E+03,2.070124E-01,2.823072E-01,4.291132E+03,3.212719E+03,2.103988E-01,2.810705E-01,8.436616E+03,6.354413E+03,4.136558E-01,5.559285E-01,4.243680E+03,3.256080E+03,2.080722E-01,2.848640E-01,4.232320E+03,3.225620E+03,2.075152E-01,2.821991E-01,4.409293E+03,3.158590E+03,2.161924E-01,2.763349E-01,7.377756E+03,2.693933E+03,3.617165E-01,2.356923E-01
06:20:00,1.164047E+04,5.959748E+03,5.707247E-01,5.214115E-01,4.323802E+03,3.267777E+03,2.120007E-01,2.858874E-01,4.227816E+03,3.245574E+03,2.072944E-01,2.839450E-01,4.222078E+03,3.245731E+03,2.070131E-01,2.839588E-01,4.291147E+03,3.231647E+03,2.103996E-01,2.827265E-01,8.436655E+03,6.392808E+03,4.136577E-01,5.592878E-01,4.243695E+03,3.275006E+03,2.080729E-01,2.865199E-01,4.232333E+03,3.244463E+03,2.075159E-01,2.838478E-01,4.409304E+03,3.177169E+03,2.161930E-01,2.779605E-01,7.377761E+03,2.721583E+03,3.617168E-01,2.381117E-01
06:30:00,1.164049E+04,6.004088E+03,5.707261E-01,5.252911E-01,4.323815E+03,3.290182E+03,2.120013E-01,2.878477E-01,4.227830E+03,3.268111E+03,2.072951E-01,2.859168E-01,4.222092E+03,3.268285E+03,2.070137E-01,2.859321E-01,4.291161E+03,3.254276E+03,2.104003E-01,2.847064E-01,8.436694E+03,6.438610E+03,4.136596E-01,5.632952E-01,4.243709E+03,3.297632E+03,2.080737E-01,2.884995E-01,4.232347E+03,3.266986E+03,2.075165E-01,2.858183E-01,4.409316E+03,3.199527E+03,2.161935E-01,2.799166E-01,7.377765E+03,2.758380E+03,3.617170E-01,2.413314E-01
06:40:00,1.164052E+04,6.057164E+03,5.707274E-01,5.299351E-01,4.323828E+03,3.316468E+03,2.120020E-01,2.901475E-01,4.227843E+03,3.294499E+03,2.072957E-01,2.882255E-01,4.222106E+03,3.294690E+03,2.070144E-01,2.882422E-01,4.291176E+03,3.280779E+03,2.104010E-01,2.870252E-01,8.436734E+03,6.492201E+03,4.136616E-01,5.679840E-01,4.243724E+03,3.324133E+03,2.080744E-01,2.908181E-01,4.232360E+03,3.293361E+03,2.075172E-01,2.881260E-01,4.409327E+03,3.225874E+03,2.161941E-01,2.822217E-01,7.377770E+03,2.805259E+03,3.617172E-01,2.454332E-01
06:50:00,1.164055E+04,6.118018E+03,5.707288E-01,5.352594E-01,4.323842E+03,3.346148E+03,2.120027E-01,2.927443E-01,4.227857E+03,3.324251E+03,2.072964E-01,2.908285E-01,4.222119E+03,3.324458E+03,2.070151E-01,2.908467E-01,4.291191E+03,3.310668E+03,2.104017E-01,2.896402E-01,8.436773E+03,6.552589E+03,4.136635E-01,5.732674E-01,4.243739E+03,3.354021E+03,2.080751E-01,2.934330E-01,4.232373E+03,3.323102E+03,2.075179E-01,2.907281E-01,4.409339E+03,3.255760E+03,2.161947E-01,2.848364E-01,7.377775E+03,2.862210E+03,3.617174E-01,2.504163E-01
07:00:00,1.164058E+04,6.187862E+03,5.707301E-01,5.413705E-01,4.323855E+03,3.379798E+03,2.120033E-01,2.956883E-01,4.227871E+03,3.357935E+03,2.072971E-01,2.937756E-01,4.222133E+03,3.358158E+03,2.070158E-01,2.937951E-01,4.291205E+03,3.344516E+03,2.104024E-01,2.926016E-01,8.436812E+03,6.620862E+03,4.136654E-01,5.792407E-01,4.243753E+03,3.387867E+03,2.080758E-01,2.963942E-01,4.232387E+03,3.356781E+03,2.075185E-01,2.936746E-01,4.409351E+03,3.289785E+03,2.161952E-01,2.878134E-01,7.377780E+03,2.929931E+03,3.617177E-01,2.563417E-01
07:10:00,1.164060E+04,6.266415E+03,5.707314E-01,5.482434E-01,4.323869E+03,3.417114E+03,2.120040E-01,2.989531E-01,4.227884E+03,3.395257E+03,2.072978E-01,2.970409E-01,4.222147E+03,3.395495E+03,2.070164E-01,2.970618E-01,4.291220E+03,3.382013E+03,2.104032E-01,2.958822E-01,8.436851E+03,6.696285E+03,4.136673E-01,5.858394E-01,4.243768E+03,3.425362E+03,2.080766E-01,2.996747E-01,4.232400E+03,3.394102E+03,2.075192E-01,2.969399E-01,4.409362E+03,3.327695E+03,2.161958E-01,2.911301E-01,7.377784E+03,3.008480E+03,3.617179E-01,2.632144E-01
07:20:00,1.164063E+04,6.352510E+03,5.707328E-01,5.557761E-01,4.323882E+03,3.457570E+03,2.120046E-01,3.024926E-01,4.227898E+03,3.435688E+03,2.072984E-01,3.005782E-01,4.222161E+03,3.435941E+03,2.070171E-01,3.006003E-01,4.291235E+03,3.422634E+03,2.104039E-01,2.994362E-01,8.436890E+03,6.777699E+03,4.136692E-01,5.929624E-01,4.243783E+03,3.465982E+03,2.080773E-01,3.032285E-01,4.232414E+03,3.434539E+03,2.075198E-01,3.004777E-01,4.409374E+03,3.368975E+03,2.161964E-01,2.947418E-01,7.377789E+03,3.097012E+03,3.617182E-01,2.709607E-01
07:30:00,1.164066E+04,6.445385E+03,5.707341E-01,5.639021E-01,4.323896E+03,3.500754E+03,2.120053E-01,3.062708E-01,4.227912E+03,3.478815E+03,2.072991E-01,3.043514E-01,4.222175E+03,3.479082E+03,2.070178E-01,3.043748E-01,4.291250E+03,3.465965E+03,2.104046E-01,3.032272E-01,8.436929E+03,6.864300E+03,4.136712E-01,6.005392E-01,4.243798E+03,3.509311E+03,2.080780E-01,3.070194E-01,4.232428E+03,3.477682E+03,2.075205E-01,3.042523E-01,4.409386E+03,3.413225E+03,2.161970E-01,2.986132E-01,7.377794E+03,3.194584E+03,3.617184E-01,2.794980E-01
07:40:00,1.164069E+04,6.544174E+03,5.707355E-01,5.725455E-01,4.323909E+03,3.546287E+03,2.120060E-01,3.102545E-01,4.227925E+03,3.524261E+03,2.072998E-01,3.083275E-01,4.222189E+03,3.524541E+03,2.070185E-01,3.083520E-01,4.291265E+03,3.511624E+03,2.104053E-01,3.072219E-01,8.436968E+03,6.955189E+03,4.136731E-01,6.084910E-01,4.243812E+03,3.554969E+03,2.080787E-01,3.110140E-01,4.232441E+03,3.523152E+03,2.075212E-01,3.082305E-01,4.409398E+03,3.460066E+03,2.161976E-01,3.027113E-01,7.377800E+03,3.300113E+03,3.617186E-01,2.887314E-01
07:50:00,1.164071E+04,6.648273E+03,5.707368E-01,5.816535E-01,4.323922E+03,3.593824E+03,2.120066E-01,3.144134E-01,4.227939E+03,3.571681E+03,2.073004E-01,3.124762E-01,4.222202E+03,3.571973E+03,2.070192E-01,3.125018E-01,4.291279E+03,3.559265E+03,2.104061E-01,3.113900E-01,8.437007E+03,7.049742E+03,4.136750E-01,6.167634E-01,4.243827E+03,3.602609E+03,2.080795E-01,3.151820E-01,4.232455E+03,3.570606E+03,2.075218E-01,3.123822E-01,4.409409E+03,3.509146E+03,2.161981E-01,3.070052E-01,7.377805E+03,3.412546E+03,3.617189E-01,2.985688E-01
08:00:00,1.164074E+04,6.756483E+03,5.707381E-01,5.911211E-01,4.323936E+03,3.642768E+03,2.120073E-01,3.186955E-01,4.227953E+03,3.620481E+03,2.073011E-01,3.167457E-01,4.222216E+03,3.620785E+03,2.070198E-01,3.167723E-01,4.291294E+03,3.608291E+03,2.104068E-01,3.156792E-01,8.437045E+03,7.146735E+03,4.136768E-01,6.252493E-01,4.243842E+03,3.651635E+03,2.080802E-01,3.194712E-01,4.232468E+03,3.619453E+03,2.075225E-01,3.166557E-01,4.409421E+03,3.559858E+03,2.161987E-01,3.114420E-01,7.377810E+03,3.530466E+03,3.617192E-01,3.088864E-01
08:10:00,1.189822E+04,6.867487E+03,5.833620E-01,6.008330E-01,4.467536E+03,3.692639E+03,2.190482E-01,3.230586E-01,4.371553E+03,3.670177E+03,2.143420E-01,3.210935E-01,4.365817E+03,3.670491E+03,2.140607E-01,3.211210E-01,4.434896E+03,3.658216E+03,2.174477E-01,3.200471E-01,8.694532E+03,7.245474E+03,4.263017E-01,6.338879E-01,4.387443E+03,3.701560E+03,2.151211E-01,3.238391E-01,4.376069E+03,3.669206E+03,2.145634E-01,3.210085E-01,4.553020E+03,3.611695E+03,2.232395E-01,3.159772E-01,7.521402E+03,3.651949E+03,3.687592E-01,3.195156E-01
08:20:00,1.215603E+04,6.986134E+03,5.960014E-01,6.112136E-01,4.611287E+03,3.746011E+03,2.260960E-01,3.277280E-01,4.515308E+03,3.723340E+03,2.213901E-01,3.257447E-01,4.509572E+03,3.723664E+03,2.211088E-01,3.257730E-01,4.578649E+03,3.711614E+03,2.244957E-01,3.247188E-01,8.952307E+03,7.350843E+03,4.389399E-01,6.431065E-01,4.531198E+03,3.754958E+03,2.221692E-01,3.285108E-01,4.519823E+03,3.722438E+03,2.216114E-01,3.256657E-01,4.696766E+03,3.667204E+03,2.302871E-01,3.208336E-01,7.665187E+03,3.778720E+03,3.758079E-01,3.306074E-01
08:30:00,1.241382E+04,7.113065E+03,6.086390E-01,6.223193E-01,4.755028E+03,3.803283E+03,2.331433E-01,3.327389E-01,4.659050E+03,3.780370E+03,2.284373E-01,3.307342E-01,4.653314E+03,3.780702E+03,2.281561E-01,3.307633E-01,4.722392E+03,3.768881E+03,2.315431E-01,3.297291E-01,9.210056E+03,7.463495E+03,4.515767E-01,6.529625E-01,4.674941E+03,3.812226E+03,2.292165E-01,3.335212E-01,4.663564E+03,3.779546E+03,2.286587E-01,3.306622E-01,4.840505E+03,3.726756E+03,2.373343E-01,3.260438E-01,7.808963E+03,3.910296E+03,3.828558E-01,3.421198E-01
08:40:00,1.267176E+04,7.249181E+03,6.212838E-01,6.342290E-01,4.898846E+03,3.864882E+03,2.401941E-01,3.381285E-01,4.802868E+03,3.841688E+03,2.354882E-01,3.360993E-01,4.797133E+03,3.842027E+03,2.352070E-01,3.361290E-01,4.866211E+03,3.830443E+03,2.385939E-01,3.351155E-01,9.467946E+03,7.584394E+03,4.642200E-01,6.635406E-01,4.818761E+03,3.873789E+03,2.362674E-01,3.389077E-01,4.807383E+03,3.840955E+03,2.357095E-01,3.360351E-01,4.984322E+03,3.790742E+03,2.443850E-01,3.316423E-01,7.952830E+03,4.046345E+03,3.899078E-01,3.540236E-01
08:50:00,1.292982E+04,7.395237E+03,6.339335E-01,6.470088E-01,5.042722E+03,3.931275E+03,2.472475E-01,3.439378E-01,4.946743E+03,3.907760E+03,2.425416E-01,3.418806E-01,4.941008E+03,3.908105E+03,2.422604E-01,3.419108E-01,5.010088E+03,3.896765E+03,2.456474E-01,3.409186E-01,9.725940E+03,7.714346E+03,4.768679E-01,6.749111E-01,4.962637E+03,3.940114E+03,2.433208E-01,3.447111E-01,4.951258E+03,3.907126E+03,2.427629E-01,3.418251E-01,5.128197E+03,3.859597E+03,2.514384E-01,3.376670E-01,8.096761E+03,4.186528E+03,3.969626E-01,3.662895E-01
09:00:00,1.318797E+04,7.551493E+03,6.465873E-01,6.606814E-01,5.186646E+03,4.002645E+03,2.543031E-01,3.501828E-01,5.090666E+03,3.978771E+03,2.495971E-01,3.480942E-01,5.084931E+03,3.979120E+03,2.493159E-01,3.481247E-01,5.154014E+03,3.968034E+03,2.527031E-01,3.471548E-01,9.984021E+03,7.853660E+03,4.895199E-01,6.871013E-01,5.106561E+03,4.011385E+03,2.503765E-01,3.509475E-01,5.095181E+03,3.978245E+03,2.498185E-01,3.480482E-01,5.272122E+03,3.933471E+03,2.584940E-01,3.441311E-01,8.240743E+03,4.330378E+03,4.040194E-01,3.788763E-01
09:10:00,1.318874E+04,7.717318E+03,6.466218E-01,6.751916E-01,5.187026E+03,4.079001E+03,2.543204E-01,3.568643E-01,5.091044E+03,4.054731E+03,2.496144E-01,3.547410E-01,5.085309E+03,4.055083E+03,2.493332E-01,3.547718E-01,5.154394E+03,4.044260E+03,2.527204E-01,3.538249E-01,9.984730E+03,8.002039E+03,4.895523E-01,7.000850E-01,5.106940E+03,4.087613E+03,2.503937E-01,3.576178E-01,5.095559E+03,4.054321E+03,2.498357E-01,3.547051E-01,5.272503E+03,4.012347E+03,2.585113E-01,3.510330E-01,8.241177E+03,4.476989E+03,4.040383E-01,3.917051E-01
09:20:00,1.318924E+04,7.888198E+03,6.466435E-01,6.901445E-01,5.187293E+03,4.157927E+03,2.543324E-01,3.637709E-01,5.091305E+03,4.133230E+03,2.496261E-01,3.616101E-01,5.085569E+03,4.133583E+03,2.493449E-01,3.616410E-01,5.154660E+03,4.123030E+03,2.527324E-01,3.607177E-01,9.985217E+03,8.154997E+03,4.895742E-01,7.134696E-01,5.107203E+03,4.166386E+03,2.504056E-01,3.645109E-01,5.095819E+03,4.132941E+03,2.498474E-01,3.615849E-01,5.272774E+03,4.093782E+03,2.585235E-01,3.581590E-01,8.241450E+03,4.623415E+03,4.040498E-01,4.045177E-01
09:30:00,1.318981E+04,8.063480E+03,6.466694E-01,7.054824E-01,5.187601E+03,4.239110E+03,2.543465E-01,3.708748E-01,5.091610E+03,4.213952E+03,2.496400E-01,3.686738E-01,5.085874E+03,4.214305E+03,2.493588E-01,3.687047E-01,5.154968E+03,4.204031E+03,2.527464E-01,3.678058E-01,9.985785E+03,8.311944E+03,4.896004E-01,7.272033E-01,5.107509E+03,4.247390E+03,2.504196E-01,3.715993E-01,5.096124E+03,4.213791E+03,2.498614E-01,3.686597E-01,5.273085E+03,4.177433E+03,2.585377E-01,3.654789E-01,8.241759E+03,4.768899E+03,4.040633E-01,4.172479E-01
09:40:00,1.319028E+04,8.242682E+03,6.466901E-01,7.211630E-01,5.187861E+03,4.322328E+03,2.543583E-01,3.781567E-01,5.091866E+03,4.296683E+03,2.496517E-01,3.759130E-01,5.086130E+03,4.297034E+03,2.493705E-01,3.759437E-01,5.155227E+03,4.287044E+03,2.527583E-01,3.750697E-01,9.986264E+03,8.472426E+03,4.896222E-01,7.412458E-01,5.107766E+03,4.330407E+03,2.504313E-01,3.788634E-01,5.096380E+03,4.296653E+03,2.498731E-01,3.759104E-01,5.273346E+03,4.263058E+03,2.585495E-01,3.729713E-01,8.241999E+03,4.912839E+03,4.040738E-01,4.298427E-01
09:50:00,1.319067E+04,8.424570E+03,6.467075E-01,7.370785E-01,5.188087E+03,4.406974E+03,2.543686E-01,3.855632E-01,5.092090E+03,4.380817E+03,2.496620E-01,3.832748E-01,5.086355E+03,4.381165E+03,2.493808E-01,3.833052E-01,5.155454E+03,4.371463E+03,2.527686E-01,3.824564E-01,9.986683E+03,8.635254E+03,4.896415E-01,7.554933E-01,5.107992E+03,4.414829E+03,2.504416E-01,3.862504E-01,5.096605E+03,4.380920E+03,2.498833E-01,3.832838E-01,5.273574E+03,4.350028E+03,2.585599E-01,3.805812E-01,8.242192E+03,5.054309E+03,4.040823E-01,4.422212E-01
10:00:00,1.319100E+04,8.608181E+03,6.467224E-01,7.531442E-01,5.188286E+03,4.492546E+03,2.543778E-01,3.930507E-01,5.092288E+03,4.465857E+03,2.496711E-01,3.907157E-01,5.086552E+03,4.466200E+03,2.493899E-01,3.907457E-01,5.155653E+03,4.456790E+03,2.527778E-01,3.899224E-01,9.987053E+03,8.799503E+03,4.896585E-01,7.698648E-01,5.108190E+03,4.500157E+03,2.504508E-01,3.937166E-01,5.096803E+03,4.466094E+03,2.498924E-01,3.907365E-01,5.273774E+03,4.437822E+03,2.585691E-01,3.882631E-01,8.242351E+03,5.192545E+03,4.040893E-01,4.543164E-01
10:10:00,1.319128E+04,8.792603E+03,6.467351E-01,7.692808E-01,5.188462E+03,4.578552E+03,2.543859E-01,4.005760E-01,5.092463E+03,4.551314E+03,2.496792E-01,3.981929E-01,5.086728E+03,4.551651E+03,2.493980E-01,3.982224E-01,5.155829E+03,4.542532E+03,2.527859E-01,3.974246E-01,9.987381E+03,8.964308E+03,4.896736E-01,7.842847E-01,5.108366E+03,4.585901E+03,2.504589E-01,4.012189E-01,5.096978E+03,4.551686E+03,2.499005E-01,3.982254E-01,5.273950E+03,4.525933E+03,2.585772E-01,3.959724E-01,8.242483E+03,5.326845E+03,4.040953E-01,4.660671E-01
10:20:00,1.319152E+04,8.976933E+03,6.467462E-01,7.854089E-01,5.188618E+03,4.664497E+03,2.543931E-01,4.080958E-01,5.092618E+03,4.636696E+03,2.496863E-01,4.056635E-01,5.086883E+03,4.637026E+03,2.494052E-01,4.056924E-01,5.155986E+03,4.628198E+03,2.527931E-01,4.049200E-01,9.987672E+03,9.128815E+03,4.896871E-01,7.986783E-01,5.108522E+03,4.671568E+03,2.504661E-01,4.087143E-01,5.097133E+03,4.637201E+03,2.499077E-01,4.057077E-01,5.274105E+03,4.613850E+03,2.585844E-01,4.036648E-01,8.242594E+03,5.456571E+03,4.041003E-01,4.774174E-01
10:30:00,1.319173E+04,9.160289E+03,6.467557E-01,8.014518E-01,5.188757E+03,4.749904E+03,2.543995E-01,4.155683E-01,5.092757E+03,4.721529E+03,2.496928E-01,4.130858E-01,5.087022E+03,4.721851E+03,2.494116E-01,4.131140E-01,5.156125E+03,4.713311E+03,2.527996E-01,4.123669E-01,9.987931E+03,9.292210E+03,4.896992E-01,8.129743E-01,5.108661E+03,4.756680E+03,2.504725E-01,4.161612E-01,5.097271E+03,4.722165E+03,2.499141E-01,4.131414E-01,5.274243E+03,4.701083E+03,2.585907E-01,4.112972E-01,8.242687E+03,5.581155E+03,4.041045E-01,4.883177E-01
10:40:00,1.319191E+04,9.341589E+03,6.467640E-01,8.173145E-01,5.188879E+03,4.834162E+03,2.544052E-01,4.229404E-01,5.092880E+03,4.805205E+03,2.496985E-01,4.204069E-01,5.087145E+03,4.805518E+03,2.494173E-01,4.204343E-01,5.156249E+03,4.797264E+03,2.528053E-01,4.197121E-01,9.988163E+03,9.453397E+03,4.897099E-01,8.270771E-01,5.108785E+03,4.840632E+03,2.504783E-01,4.235064E-01,5.097394E+03,4.805968E+03,2.499198E-01,4.204737E-01,5.274364E+03,4.787013E+03,2.585964E-01,4.188154E-01,8.242766E+03,5.699946E+03,4.041082E-01,4.987110E-01
10:50:00,1.319206E+04,9.520259E+03,6.467713E-01,8.329469E-01,5.188989E+03,4.917064E+03,2.544103E-01,4.301936E-01,5.092990E+03,4.887518E+03,2.497036E-01,4.276086E-01,5.087255E+03,4.887821E+03,2.494224E-01,4.276351E-01,5.156359E+03,4.879848E+03,2.528105E-01,4.269375E-01,9.988371E+03,9.612107E+03,4.897196E-01,8.409629E-01,5.108895E+03,4.923215E+03,2.504834E-01,4.307318E-01,5.097504E+03,4.888404E+03,2.499250E-01,4.276861E-01,5.274472E+03,4.871423E+03,2.586014E-01,4.262006E-01,8.242834E+03,5.812740E+03,4.041113E-01,5.085795E-01
11:00:00,1.319220E+04,9.695767E+03,6.467778E-01,8.483026E-01,5.189086E+03,4.998201E+03,2.544149E-01,4.372924E-01,5.093088E+03,4.968061E+03,2.497082E-01,4.346555E-01,5.087353E+03,4.968353E+03,2.494270E-01,4.346810E-01,5.156458E+03,4.960657E+03,2.528151E-01,4.340076E-01,9.988557E+03,9.767615E+03,4.897283E-01,8.545684E-01,5.108994E+03,5.004024E+03,2.504881E-01,4.378018E-01,5.097602E+03,4.969065E+03,2.499295E-01,4.347432E-01,5.274569E+03,4.953896E+03,2.586059E-01,4.334163E-01,8.242893E+03,5.919176E+03,4.041141E-01,5.178916E-01
11:10:00,1.319232E+04,9.866372E+03,6.467835E-01,8.632292E-01,5.189173E+03,5.076892E+03,2.544189E-01,4.441771E-01,5.093176E+03,5.046155E+03,2.497123E-01,4.414879E-01,5.087441E+03,5.046435E+03,2.494312E-01,4.415124E-01,5.156546E+03,5.039011E+03,2.528192E-01,4.408629E-01,9.988725E+03,9.918665E+03,4.897362E-01,8.677839E-01,5.109082E+03,5.082379E+03,2.504922E-01,4.446571E-01,5.097690E+03,5.047270E+03,2.499337E-01,4.415855E-01,5.274654E+03,5.033750E+03,2.586099E-01,4.404027E-01,8.242944E+03,6.018429E+03,4.041165E-01,5.265751E-01
11:20:00,1.319243E+04,1.003143E+04,6.467886E-01,8.776699E-01,5.189251E+03,5.152810E+03,2.544226E-01,4.508191E-01,5.093255E+03,5.121474E+03,2.497161E-01,4.480776E-01,5.087521E+03,5.121742E+03,2.494349E-01,4.481009E-01,5.156626E+03,5.114585E+03,2.528230E-01,4.474748E-01,9.988877E+03,1.006465E+04,4.897434E-01,8.805561E-01,5.109162E+03,5.157955E+03,2.504960E-01,4.512692E-01,5.097770E+03,5.122694E+03,2.499374E-01,4.481843E-01,5.274731E+03,5.110653E+03,2.586135E-01,4.471309E-01,8.242989E+03,6.110253E+03,4.041186E-01,5.346087E-01
11:30:00,1.319253E+04,1.019032E+04,6.467932E-01,8.915713E-01,5.189322E+03,5.225657E+03,2.544259E-01,4.571924E-01,5.093327E+03,5.193724E+03,2.497194E-01,4.543986E-01,5.087592E+03,5.193978E+03,2.494383E-01,4.544208E-01,5.156697E+03,5.187085E+03,2.528264E-01,4.538177E-01,9.989014E+03,1.020502E+04,4.897499E-01,8.928367E-01,5.109234E+03,5.230458E+03,2.504994E-01,4.576124E-01,5.097841E+03,5.195043E+03,2.499408E-01,4.545140E-01,5.274800E+03,5.184309E+03,2.586168E-01,4.535749E-01,8.243028E+03,6.194438E+03,4.041205E-01,5.419738E-01
11:40:00,1.319262E+04,1.034242E+04,6.467973E-01,9.048789E-01,5.189386E+03,5.295186E+03,2.544290E-01,4.632754E-01,5.093392E+03,5.262659E+03,2.497225E-01,4.604296E-01,5.087657E+03,5.262899E+03,2.494414E-01,4.604506E-01,5.156763E+03,5.256264E+03,2.528295E-01,4.598701E-01,9.989140E+03,1.033928E+04,4.897558E-01,9.045832E-01,5.109300E+03,5.299641E+03,2.505025E-01,4.636651E-01,5.097906E+03,5.264068E+03,2.499438E-01,4.605529E-01,5.274862E+03,5.254470E+03,2.586197E-01,4.597132E-01,8.243064E+03,6.270820E+03,4.041221E-01,5.486563E-01
11:50:00,1.319270E+04,1.048747E+04,6.468011E-01,9.175691E-01,5.189444E+03,5.361202E+03,2.544317E-01,4.690509E-01,5.093451E+03,5.328084E+03,2.497253E-01,4.661535E-01,5.087717E+03,5.328310E+03,2.494442E-01,4.661733E-01,5.156822E+03,5.321928E+03,2.528323E-01,4.656149E-01,9.989256E+03,1.046699E+04,4.897613E-01,9.157561E-01,5.109359E+03,5.365312E+03,2.505053E-01,4.694104E-01,5.097965E+03,5.329576E+03,2.499466E-01,4.662840E-01,5.274918E+03,5.320944E+03,2.586223E-01,4.655288E-01,8.243096E+03,6.339282E+03,4.041237E-01,5.546457E-01
12:00:00,1.319277E+04,1.062501E+04,6.468047E-01,9.296025E-01,5.189496E+03,5.423679E+03,2.544342E-01,4.745168E-01,5.093505E+03,5.389978E+03,2.497279E-01,4.715684E-01,5.087771E+03,5.390189E+03,2.494468E-01,4.715869E-01,5.156876E+03,5.384055E+03,2.528349E-01,4.710501E-01,9.989362E+03,1.058799E+04,4.897664E-01,9.263424E-01,5.109414E+03,5.427446E+03,2.505079E-01,4.748464E-01,5.098018E+03,5.391545E+03,2.499492E-01,4.717055E-01,5.274969E+03,5.383707E+03,2.586248E-01,4.710198E-01,8.243125E+03,6.399861E+03,4.041251E-01,5.599454E-01
12:10:00,1.490065E+04,1.096454E+04,7.305369E-01,9.593080E-01,6.142041E+03,5.599291E+03,3.011361E-01,4.898809E-01,6.046050E+03,5.565015E+03,2.964298E-01,4.868822E-01,6.040316E+03,5.565212E+03,2.961487E-01,4.868994E-01,6.109422E+03,5.559320E+03,2.995368E-01,4.863838E-01,1.169727E+04,1.091140E+04,5.735028E-01,9.546365E-01,6.061960E+03,5.602721E+03,2.972099E-01,4.901809E-01,6.050564E+03,5.566651E+03,2.966511E-01,4.870252E-01,6.227512E+03,5.559438E+03,3.053266E-01,4.863942E-01,9.195648E+03,6.569500E+03,4.508232E-01,5.747872E-01
12:20:00,1.661134E+04,1.130184E+04,8.143912E-01,9.888199E-01,7.096126E+03,5.774237E+03,3.479053E-01,5.051875E-01,7.000166E+03,5.739397E+03,3.432005E-01,5.021394E-01,6.994435E+03,5.739578E+03,3.429195E-01,5.021553E-01,7.063521E+03,5.733921E+03,3.463067E-01,5.016603E-01,1.340803E+04,1.123305E+04,6.573650E-01,9.827787E-01,7.016072E+03,5.777334E+03,3.439803E-01,5.054585E-01,7.004679E+03,5.741092E+03,3.434217E-01,5.022877E-01,7.181571E+03,5.734335E+03,3.520946E-01,5.016966E-01,1.014967E+04,6.734440E+03,4.975846E-01,5.892189E-01
12:30:00,1.832191E+04,1.163658E+04,8.982327E-01,1.018113E+00,8.050104E+03,5.948360E+03,3.946658E-01,5.204246E-01,7.954155E+03,5.912971E+03,3.899615E-01,5.173284E-01,7.948424E+03,5.913137E+03,3.896805E-01,5.173430E-01,8.017506E+03,5.907708E+03,3.930675E-01,5.168679E-01,1.511855E+04,1.155257E+04,7.412102E-01,1.010739E+00,7.970059E+03,5.951131E+03,3.907413E-01,5.206670E-01,7.958667E+03,5.914717E+03,3.901827E-01,5.174812E-01,8.135542E+03,5.908251E+03,3.988548E-01,5.169155E-01,1.110369E+04,6.894590E+03,5.443410E-01,6.032345E-01
12:40:00,2.003366E+04,1.196853E+04,9.821238E-01,1.047167E+00,9.004708E+03,6.121563E+03,4.414531E-01,5.355847E-01,8.908766E+03,6.085641E+03,4.367492E-01,5.324418E-01,8.903035E+03,6.085793E+03,4.364683E-01,5.324551E-01,8.972116E+03,6.080582E+03,4.398551E-01,5.319992E-01,1.683022E+04,1.186970E+04,8.251049E-01,1.038496E+00,8.924669E+03,6.124015E+03,4.375289E-01,5.357991E-01,8.913277E+03,6.087431E+03,4.369704E-01,5.325984E-01,9.090142E+03,6.081089E+03,4.456418E-01,5.320435E-01,1.205837E+04,7.049965E+03,5.911239E-01,6.168362E-01
12:50:00,2.174613E+04,1.229771E+04,1.066044E+00,1.075984E+00,9.959697E+03,6.293779E+03,4.882561E-01,5.506614E-01,9.863758E+03,6.257345E+03,4.835524E-01,5.474736E-01,9.858028E+03,6.257481E+03,4.832715E-01,5.474856E-01,9.927110E+03,6.252479E+03,4.866583E-01,5.470479E-01,1.854260E+04,1.218431E+04,9.090288E-01,1.066038E+00,9.879662E+03,6.295919E+03,4.843321E-01,5.508487E-01,9.868269E+03,6.259170E+03,4.837736E-01,5.476334E-01,1.004513E+04,6.252786E+03,4.924446E-01,5.470748E-01,1.301343E+04,7.200746E+03,6.379216E-01,6.300393E-01
13:00:00,2.345908E+04,1.262411E+04,1.149983E+00,1.104562E+00,1.091494E+04,6.464853E+03,5.350693E-01,5.656405E-01,1.081901E+04,6.427928E+03,5.303659E-01,5.624097E-01,1.081328E+04,6.428049E+03,5.300850E-01,5.624203E-01,1.088236E+04,6.423243E+03,5.334717E-01,5.619997E-01,2.025547E+04,1.249612E+04,9.929724E-01,1.093340E+00,1.083491E+04,6.466690E+03,5.311455E-01,5.658012E-01,1.082352E+04,6.429781E+03,5.305870E-01,5.625718E-01,1.100038E+04,6.423198E+03,5.392579E-01,5.619958E-01,1.396874E+04,7.347279E+03,6.847287E-01,6.428731E-01
13:10:00,2.346454E+04,1.273721E+04,1.150205E+00,1.114481E+00,1.091788E+04,6.517203E+03,5.351904E-01,5.702338E-01,1.082194E+04,6.479808E+03,5.304871E-01,5.669618E-01,1.081621E+04,6.479915E+03,5.302062E-01,5.669711E-01,1.088529E+04,6.475292E+03,5.335930E-01,5.665665E-01,2.026086E+04,1.259427E+04,9.931984E-01,1.101951E+00,1.083784E+04,6.518743E+03,5.312667E-01,5.703685E-01,1.082645E+04,6.481681E+03,5.307082E-01,5.671257E-01,1.100332E+04,6.474748E+03,5.393790E-01,5.665189E-01,1.397171E+04,7.372521E+03,6.848453E-01,6.450960E-01
13:20:00,2.346740E+04,1.284152E+04,1.150315E+00,1.123630E+00,1.091939E+04,6.564591E+03,5.352496E-01,5.743930E-01,1.082342E+04,6.526748E+03,5.305450E-01,5.710817E-01,1.081769E+04,6.526840E+03,5.302641E-01,5.710897E-01,1.088680E+04,6.522385E+03,5.336518E-01,5.706998E-01,2.026364E+04,1.268267E+04,9.933089E-01,1.109709E+00,1.083933E+04,6.565838E+03,5.313248E-01,5.745021E-01,1.082793E+04,6.528633E+03,5.307662E-01,5.712466E-01,1.100487E+04,6.521206E+03,5.394395E-01,5.705967E-01,1.397329E+04,7.390983E+03,6.849034E-01,6.467252E-01
13:30:00,2.347056E+04,1.293765E+04,1.150446E+00,1.132061E+00,1.092112E+04,6.607101E+03,5.353219E-01,5.781235E-01,1.082513E+04,6.568821E+03,5.306169E-01,5.747738E-01,1.081940E+04,6.568899E+03,5.303359E-01,5.747806E-01,1.088852E+04,6.564596E+03,5.337239E-01,5.744041E-01,2.026684E+04,1.276142E+04,9.934442E-01,1.116618E+00,1.084104E+04,6.608053E+03,5.313967E-01,5.782067E-01,1.082965E+04,6.570710E+03,5.308381E-01,5.749392E-01,1.100661E+04,6.562662E+03,5.395122E-01,5.742348E-01,1.397497E+04,7.403572E+03,6.849706E-01,6.478380E-01
13:40:00,2.347267E+04,1.302618E+04,1.150532E+00,1.139821E+00,1.092229E+04,6.644717E+03,5.353708E-01,5.814227E-01,1.082630E+04,6.606008E+03,5.306656E-01,5.780354E-01,1.082057E+04,6.606072E+03,5.303846E-01,5.780411E-01,1.088969E+04,6.601905E+03,5.337727E-01,5.776763E-01,2.026904E+04,1.283044E+04,9.935365E-01,1.122672E+00,1.084221E+04,6.645365E+03,5.314453E-01,5.814794E-01,1.083081E+04,6.607895E+03,5.308868E-01,5.782006E-01,1.100779E+04,6.599113E+03,5.395615E-01,5.774320E-01,1.397606E+04,7.411100E+03,6.850144E-01,6.485043E-01
13:50:00,2.347415E+04,1.310738E+04,1.150594E+00,1.146935E+00,1.092314E+04,6.677319E+03,5.354070E-01,5.842805E-01,1.082715E+04,6.638181E+03,5.307016E-01,5.808557E-01,1.082141E+04,6.638232E+03,5.304206E-01,5.808601E-01,1.089054E+04,6.634182E+03,5.338087E-01,5.805056E-01,2.027063E+04,1.288949E+04,9.936044E-01,1.127849E+00,1.084305E+04,6.677647E+03,5.314813E-01,5.843091E-01,1.083166E+04,6.640059E+03,5.309228E-01,5.810200E-01,1.100865E+04,6.630453E+03,5.395980E-01,5.801793E-01,1.397682E+04,7.414163E+03,6.850460E-01,6.487768E-01
14:00:00,2.347525E+04,1.318150E+04,1.150642E+00,1.153426E+00,1.092379E+04,6.704826E+03,5.354351E-01,5.866904E-01,1.082779E+04,6.665250E+03,5.307296E-01,5.832273E-01,1.082205E+04,6.665288E+03,5.304486E-01,5.832305E-01,1.089118E+04,6.661336E+03,5.338367E-01,5.828846E-01,2.027183E+04,1.293843E+04,9.936566E-01,1.132137E+00,1.084369E+04,6.704805E+03,5.315093E-01,5.866886E-01,1.083230E+04,6.667112E+03,5.309509E-01,5.833902E-01,1.100930E+04,6.656610E+03,5.396263E-01,5.824710E-01,1.397738E+04,7.413156E+03,6.850707E-01,6.486910E-01
14:10:00,2.347609E+04,1.324654E+04,1.150679E+00,1.159120E+00,1.092429E+04,6.726096E+03,5.354577E-01,5.885534E-01,1.082829E+04,6.686066E+03,5.307522E-01,5.850504E-01,1.082256E+04,6.686089E+03,5.304712E-01,5.850525E-01,1.089169E+04,6.682215E+03,5.338592E-01,5.847134E-01,2.027277E+04,1.297522E+04,9.936980E-01,1.135360E+00,1.084420E+04,6.725691E+03,5.315318E-01,5.885179E-01,1.083281E+04,6.687904E+03,5.309735E-01,5.852113E-01,1.100981E+04,6.676456E+03,5.396491E-01,5.842093E-01,1.397782E+04,7.407158E+03,6.850907E-01,6.481674E-01
14:20:00,2.347676E+04,1.330225E+04,1.150709E+00,1.163997E+00,1.092470E+04,6.740907E+03,5.354764E-01,5.898504E-01,1.082870E+04,6.700399E+03,5.307708E-01,5.863057E-01,1.082297E+04,6.700407E+03,5.304898E-01,5.863064E-01,1.089209E+04,6.696590E+03,5.338778E-01,5.859723E-01,2.027351E+04,1.299955E+04,9.937316E-01,1.137490E+00,1.084460E+04,6.740073E+03,5.315504E-01,5.897774E-01,1.083321E+04,6.702208E+03,5.309921E-01,5.864640E-01,1.101022E+04,6.689785E+03,5.396678E-01,5.853767E-01,1.397818E+04,7.396152E+03,6.851074E-01,6.472050E-01
14:30:00,2.347730E+04,1.334832E+04,1.150734E+00,1.168030E+00,1.092504E+04,6.749081E+03,5.354919E-01,5.905662E-01,1.082904E+04,6.708064E+03,5.307864E-01,5.869770E-01,1.082330E+04,6.708057E+03,5.305054E-01,5.869763E-01,1.089243E+04,6.704275E+03,5.338933E-01,5.866453E-01,2.027412E+04,1.301118E+04,9.937592E-01,1.138509E+00,1.084494E+04,6.747766E+03,5.315659E-01,5.904511E-01,1.083355E+04,6.709838E+03,5.310077E-01,5.871322E-01,1.101056E+04,6.696431E+03,5.396834E-01,5.859588E-01,1.397848E+04,7.380031E+03,6.851215E-01,6.457946E-01
14:40:00,2.347775E+04,1.338440E+04,1.150755E+00,1.171188E+00,1.092532E+04,6.750486E+03,5.355050E-01,5.906893E-01,1.082932E+04,6.708926E+03,5.307996E-01,5.870526E-01,1.082358E+04,6.708901E+03,5.305185E-01,5.870504E-01,1.089271E+04,6.705135E+03,5.339065E-01,5.867207E-01,2.027462E+04,1.300995E+04,9.937823E-01,1.138402E+00,1.084522E+04,6.748634E+03,5.315790E-01,5.905273E-01,1.083383E+04,6.710659E+03,5.310208E-01,5.872042E-01,1.101084E+04,6.696277E+03,5.396966E-01,5.859455E-01,1.397874E+04,7.358648E+03,6.851335E-01,6.439234E-01
14:50:00,2.347813E+04,1.341014E+04,1.150773E+00,1.173440E+00,1.092556E+04,6.744986E+03,5.355163E-01,5.902080E-01,1.082956E+04,6.702841E+03,5.308109E-01,5.865201E-01,1.082382E+04,6.702797E+03,5.305298E-01,5.865163E-01,1.089295E+04,6.699026E+03,5.339177E-01,5.861861E-01,2.027504E+04,1.299567E+04,9.938019E-01,1.137153E+00,1.084546E+04,6.742534E+03,5.315903E-01,5.899934E-01,1.083407E+04,6.704528E+03,5.310322E-01,5.866677E-01,1.101108E+04,6.689189E+03,5.397079E-01,5.853253E-01,1.397895E+04,7.331759E+03,6.851439E-01,6.415704E-01
15:00:00,2.347846E+04,1.342518E+04,1.150789E+00,1.174756E+00,1.092576E+04,6.732536E+03,5.355260E-01,5.891185E-01,1.082976E+04,6.689762E+03,5.308207E-01,5.853755E-01,1.082403E+04,6.689697E+03,5.305397E-01,5.853698E-01,1.089315E+04,6.685901E+03,5.339275E-01,5.850375E-01,2.027539E+04,1.296837E+04,9.938189E-01,1.134764E+00,1.084566E+04,6.729418E+03,5.316000E-01,5.888456E-01,1.083428E+04,6.691398E+03,5.310420E-01,5.855187E-01,1.101128E+04,6.675132E+03,5.397177E-01,5.840951E-01,1.397914E+04,7.299215E+03,6.851530E-01,6.387223E-01
15:10:00,2.347874E+04,1.342786E+04,1.150802E+00,1.174990E+00,1.092594E+04,6.712466E+03,5.355346E-01,5.873620E-01,1.082994E+04,6.669019E+03,5.308294E-01,5.835601E-01,1.082421E+04,6.668931E+03,5.305483E-01,5.835524E-01,1.089333E+04,6.665094E+03,5.339362E-01,5.832165E-01,2.027571E+04,1.292684E+04,9.938337E-01,1.131129E+00,1.084584E+04,6.708618E+03,5.316087E-01,5.870252E-01,1.083446E+04,6.670600E+03,5.310507E-01,5.836985E-01,1.101146E+04,6.653444E+03,5.397264E-01,5.821970E-01,1.397931E+04,7.260141E+03,6.851611E-01,6.353028E-01
15:20:00,2.347900E+04,1.341812E+04,1.150815E+00,1.174137E+00,1.092610E+04,6.684927E+03,5.355423E-01,5.849519E-01,1.083010E+04,6.640764E+03,5.308371E-01,5.810873E-01,1.082437E+04,6.640651E+03,5.305561E-01,5.810774E-01,1.089349E+04,6.636757E+03,5.339439E-01,5.807366E-01,2.027598E+04,1.287144E+04,9.938469E-01,1.126281E+00,1.084600E+04,6.680288E+03,5.316164E-01,5.845459E-01,1.083462E+04,6.642287E+03,5.310584E-01,5.812206E-01,1.101162E+04,6.624284E+03,5.397340E-01,5.796450E-01,1.397946E+04,7.214534E+03,6.851683E-01,6.313114E-01
15:30:00,2.347922E+04,1.339587E+04,1.150826E+00,1.172190E+00,1.092624E+04,6.650062E+03,5.355492E-01,5.819006E-01,1.083025E+04,6.605141E+03,5.308441E-01,5.779697E-01,1.082452E+04,6.604999E+03,5.305631E-01,5.779573E-01,1.089364E+04,6.601036E+03,5.339508E-01,5.776104E-01,2.027623E+04,1.280249E+04,9.938588E-01,1.120247E+00,1.084615E+04,6.644572E+03,5.316234E-01,5.814202E-01,1.083476E+04,6.606602E+03,5.310654E-01,5.780976E-01,1.101177E+04,6.587798E+03,5.397410E-01,5.764519E-01,1.397959E+04,7.162365E+03,6.851749E-01,6.267458E-01
15:40:00,2.347943E+04,1.336113E+04,1.150836E+00,1.169149E+00,1.092637E+04,6.608071E+03,5.355555E-01,5.782257E-01,1.083038E+04,6.562354E+03,5.308505E-01,5.742253E-01,1.082465E+04,6.562182E+03,5.305695E-01,5.742102E-01,1.089377E+04,6.558138E+03,5.339572E-01,5.738562E-01,2.027645E+04,1.272042E+04,9.938697E-01,1.113064E+00,1.084628E+04,6.601677E+03,5.316297E-01,5.776662E-01,1.083489E+04,6.563752E+03,5.310718E-01,5.743475E-01,1.101190E+04,6.544192E+03,5.397473E-01,5.726358E-01,1.397972E+04,7.103662E+03,6.851809E-01,6.216085E-01
15:50:00,2.347963E+04,1.331401E+04,1.150846E+00,1.165025E+00,1.092649E+04,6.559314E+03,5.355613E-01,5.739588E-01,1.083050E+04,6.512771E+03,5.308564E-01,5.698861E-01,1.082477E+04,6.512565E+03,5.305753E-01,5.698681E-01,1.089389E+04,6.508431E+03,5.339630E-01,5.695061E-01,2.027666E+04,1.262586E+04,9.938798E-01,1.104789E+00,1.084640E+04,6.551972E+03,5.316356E-01,5.733163E-01,1.083502E+04,6.514102E+03,5.310776E-01,5.700025E-01,1.101202E+04,6.493836E+03,5.397531E-01,5.682289E-01,1.397983E+04,7.038651E+03,6.851865E-01,6.159190E-01
16:00:00,2.347981E+04,1.325479E+04,1.150854E+00,1.159843E+00,1.092660E+04,6.504162E+03,5.355667E-01,5.691323E-01,1.083061E+04,6.456765E+03,5.308618E-01,5.649848E-01,1.082488E+04,6.456524E+03,5.305808E-01,5.649637E-01,1.089400E+04,6.452291E+03,5.339685E-01,5.645932E-01,2.027686E+04,1.251950E+04,9.938892E-01,1.095481E+00,1.084651E+04,6.495832E+03,5.316410E-01,5.684033E-01,1.083513E+04,6.458028E+03,5.310831E-01,5.650953E-01,1.101213E+04,6.437102E+03,5.397585E-01,5.632640E-01,1.397994E+04,6.967544E+03,6.851917E-01,6.096962E-01
16:10:00,2.347998E+04,1.318818E+04,1.150863E+00,1.154013E+00,1.092670E+04,6.445218E+03,5.355717E-01,5.639739E-01,1.083072E+04,6.396944E+03,5.308669E-01,5.597497E-01,1.082498E+04,6.396664E+03,5.305859E-01,5.597252E-01,1.089410E+04,6.392328E+03,5.339736E-01,5.593456E-01,2.027704E+04,1.240616E+04,9.938980E-01,1.085563E+00,1.084661E+04,6.435866E+03,5.316461E-01,5.631556E-01,1.083523E+04,6.398137E+03,5.310882E-01,5.598541E-01,1.101223E+04,6.376593E+03,5.397635E-01,5.579687E-01,1.398004E+04,6.893083E+03,6.851965E-01,6.031798E-01
16:20:00,2.348014E+04,1.311469E+04,1.150871E+00,1.147581E+00,1.092680E+04,6.383030E+03,5.355765E-01,5.585318E-01,1.083082E+04,6.333860E+03,5.308717E-01,5.542291E-01,1.082508E+04,6.333540E+03,5.305907E-01,5.542011E-01,1.089420E+04,6.329095E+03,5.339784E-01,5.538120E-01,2.027721E+04,1.228677E+04,9.939064E-01,1.075115E+00,1.084671E+04,6.372629E+03,5.316509E-01,5.576216E-01,1.083533E+04,6.334982E+03,5.310930E-01,5.543273E-01,1.101233E+04,6.312859E+03,5.397682E-01,5.523913E-01,1.398013E+04,6.815719E+03,6.852011E-01,5.964095E-01
16:30:00,2.348030E+04,1.303515E+04,1.150878E+00,1.140620E+00,1.092689E+04,6.318280E+03,5.355810E-01,5.528655E-01,1.083091E+04,6.268200E+03,5.308763E-01,5.484832E-01,1.082517E+04,6.267838E+03,5.305953E-01,5.484515E-01,1.089429E+04,6.263281E+03,5.339829E-01,5.480526E-01,2.027737E+04,1.216261E+04,9.939144E-01,1.064250E+00,1.084680E+04,6.306810E+03,5.316554E-01,5.518617E-01,1.083542E+04,6.269252E+03,5.310975E-01,5.485752E-01,1.101242E+04,6.246583E+03,5.397727E-01,5.465914E-01,1.398022E+04,6.736025E+03,6.852054E-01,5.894352E-01
16:40:00,2.348045E+04,1.295055E+04,1.150886E+00,1.133217E+00,1.092698E+04,6.251711E+03,5.355852E-01,5.470401E-01,1.083100E+04,6.200712E+03,5.308806E-01,5.425773E-01,1.082526E+04,6.200306E+03,5.305996E-01,5.425418E-01,1.089438E+04,6.195633E+03,5.339872E-01,5.421328E-01,2.027753E+04,1.203505E+04,9.939220E-01,1.053088E+00,1.084689E+04,6.239156E+03,5.316597E-01,5.459414E-01,1.083551E+04,6.201691E+03,5.311019E-01,5.426630E-01,1.101250E+04,6.178506E+03,5.397770E-01,5.406341E-01,1.398030E+04,6.654684E+03,6.852096E-01,5.823169E-01
16:50:00,2.348059E+04,1.286269E+04,1.150893E+00,1.125528E+00,1.092706E+04,6.184395E+03,5.355893E-01,5.411493E-01,1.083108E+04,6.132471E+03,5.308847E-01,5.366057E-01,1.082535E+04,6.132019E+03,5.306037E-01,5.365661E-01,1.089447E+04,6.127230E+03,5.339914E-01,5.361469E-01,2.027768E+04,1.190627E+04,9.939294E-01,1.041818E+00,1.084698E+04,6.170746E+03,5.316639E-01,5.399549E-01,1.083560E+04,6.133378E+03,5.311060E-01,5.366850E-01,1.101259E+04,6.109703E+03,5.397811E-01,5.346132E-01,1.398038E+04,6.572715E+03,6.852135E-01,5.751436E-01
17:00:00,2.348073E+04,1.277295E+04,1.150899E+00,1.117675E+00,1.092714E+04,6.117223E+03,5.355933E-01,5.352712E-01,1.083116E+04,6.064371E+03,5.308887E-01,5.306464E-01,1.082543E+04,6.063873E+03,5.306077E-01,5.306027E-01,1.089455E+04,6.058966E+03,5.339954E-01,5.301732E-01,2.027782E+04,1.177797E+04,9.939365E-01,1.030591E+00,1.084706E+04,6.102475E+03,5.316679E-01,5.339807E-01,1.083568E+04,6.065206E+03,5.311100E-01,5.307194E-01,1.101267E+04,6.041062E+03,5.397850E-01,5.286066E-01,1.398046E+04,6.490950E+03,6.852173E-01,5.679884E-01
17:10:00,2.348086E+04,1.268127E+04,1.150906E+00,1.109652E+00,1.092722E+04,6.050373E+03,5.355971E-01,5.294213E-01,1.083124E+04,5.996596E+03,5.308926E-01,5.247155E-01,1.082551E+04,5.996048E+03,5.306116E-01,5.246676E-01,1.089463E+04,5.991025E+03,5.339992E-01,5.242279E-01,2.027796E+04,1.165040E+04,9.939434E-01,1.019427E+00,1.084714E+04,6.034529E+03,5.316717E-01,5.280348E-01,1.083575E+04,5.997358E+03,5.311138E-01,5.247822E-01,1.101274E+04,5.972764E+03,5.397888E-01,5.226300E-01,1.398054E+04,6.409519E+03,6.852210E-01,5.608623E-01
17:20:00,2.348099E+04,1.258724E+04,1.150912E+00,1.101423E+00,1.092730E+04,5.983784E+03,5.356008E-01,5.235944E-01,1.083132E+04,5.929093E+03,5.308963E-01,5.188086E-01,1.082558E+04,5.928496E+03,5.306153E-01,5.187563E-01,1.089470E+04,5.923357E+03,5.340030E-01,5.183065E-01,2.027810E+04,1.152341E+04,9.939501E-01,1.008315E+00,1.084721E+04,5.966855E+03,5.316754E-01,5.221129E-01,1.083583E+04,5.929782E+03,5.311175E-01,5.188688E-01,1.101282E+04,5.904753E+03,5.397924E-01,5.166785E-01,1.398061E+04,6.328288E+03,6.852245E-01,5.537538E-01
17:30:00,2.348112E+04,1.249022E+04,1.150919E+00,1.092933E+00,1.092737E+04,5.917293E+03,5.356043E-01,5.177759E-01,1.083139E+04,5.861707E+03,5.308999E-01,5.129118E-01,1.082566E+04,5.861059E+03,5.306189E-01,5.128551E-01,1.089478E+04,5.855805E+03,5.340066E-01,5.123953E-01,2.027823E+04,1.139665E+04,9.939567E-01,9.972234E-01,1.084729E+04,5.899298E+03,5.316790E-01,5.162012E-01,1.083590E+04,5.862322E+03,5.311211E-01,5.129657E-01,1.101289E+04,5.836870E+03,5.397960E-01,5.107383E-01,1.398068E+04,6.247065E+03,6.852279E-01,5.466460E-01
17:40:00,2.348125E+04,1.238936E+04,1.150925E+00,1.084107E+00,1.092744E+04,5.850610E+03,5.356078E-01,5.119408E-01,1.083146E+04,5.794156E+03,5.309034E-01,5.070007E-01,1.082573E+04,5.793457E+03,5.306224E-01,5.069395E-01,1.089485E+04,5.788089E+03,5.340101E-01,5.064696E-01,2.027837E+04,1.126950E+04,9.939631E-01,9.860967E-01,1.084736E+04,5.831577E+03,5.316826E-01,5.102752E-01,1.083598E+04,5.794699E+03,5.311246E-01,5.070482E-01,1.101296E+04,5.768830E+03,5.397994E-01,5.047844E-01,1.398075E+04,6.165503E+03,6.852313E-01,5.395085E-01
17:50:00,2.348137E+04,1.228154E+04,1.150931E+00,1.074672E+00,1.092751E+04,5.782347E+03,5.356112E-01,5.059673E-01,1.083153E+04,5.725067E+03,5.309068E-01,5.009550E-01,1.082580E+04,5.724317E+03,5.306259E-01,5.008893E-01,1.089492E+04,5.718831E+03,5.340135E-01,5.004091E-01,2.027849E+04,1.113909E+04,9.939693E-01,9.746850E-01,1.084743E+04,5.762315E+03,5.316860E-01,5.042143E-01,1.083605E+04,5.725537E+03,5.311281E-01,5.009961E-01,1.101303E+04,5.699256E+03,5.398028E-01,4.986962E-01,1.398081E+04,6.082163E+03,6.852345E-01,5.322155E-01
18:00:00,2.348149E+04,1.216620E+04,1.150936E+00,1.064579E+00,1.092758E+04,5.712297E+03,5.356145E-01,4.998374E-01,1.083160E+04,5.654244E+03,5.309102E-01,4.947575E-01,1.082587E+04,5.653442E+03,5.306292E-01,4.946873E-01,1.089499E+04,5.647833E+03,5.340169E-01,4.941963E-01,2.027862E+04,1.100507E+04,9.939755E-01,9.629579E-01,1.084750E+04,5.691314E+03,5.316893E-01,4.980013E-01,1.083611E+04,5.654642E+03,5.311314E-01,4.947923E-01,1.101310E+04,5.627949E+03,5.398061E-01,4.924563E-01,1.398088E+04,5.996801E+03,6.852377E-01,5.247455E-01
18:10:00,2.177379E+04,1.188621E+04,1.067235E+00,1.040078E+00,9.975146E+03,5.553059E+03,4.889312E-01,4.859035E-01,9.879170E+03,5.494294E+03,4.842269E-01,4.807612E-01,9.873438E+03,5.493442E+03,4.839459E-01,4.806866E-01,9.942558E+03,5.487703E+03,4.873336E-01,4.801843E-01,1.857093E+04,1.071077E+04,9.102717E-01,9.372057E-01,9.895067E+03,5.531181E+03,4.850061E-01,4.839890E-01,9.883684E+03,5.494621E+03,4.844481E-01,4.807898E-01,1.006067E+04,5.467514E+03,4.931228E-01,4.784177E-01,1.302844E+04,5.821756E+03,6.385565E-01,5.094278E-01
18:20:00,2.006100E+04,1.160498E+04,9.832989E-01,1.015467E+00,9.019662E+03,5.395900E+03,4.421059E-01,4.721503E-01,8.923655E+03,5.336495E+03,4.374000E-01,4.669520E-01,8.917921E+03,5.335593E+03,4.371190E-01,4.668730E-01,8.987060E+03,5.329716E+03,4.405077E-01,4.663586E-01,1.685761E+04,1.041986E+04,8.263053E-01,9.117475E-01,8.939557E+03,5.373190E+03,4.381795E-01,4.701630E-01,8.928169E+03,5.336751E+03,4.376213E-01,4.669744E-01,9.105206E+03,5.309227E+03,4.462987E-01,4.645658E-01,1.207343E+04,5.648231E+03,5.917592E-01,4.942420E-01
18:30:00,1.835003E+04,1.132216E+04,8.994546E-01,9.907140E-01,8.065396E+03,5.240654E+03,3.953411E-01,4.585633E-01,7.969378E+03,5.180682E+03,3.906346E-01,4.533154E-01,7.963644E+03,5.179730E+03,3.903535E-01,4.532321E-01,8.032788E+03,5.173706E+03,3.937426E-01,4.527048E-01,1.514652E+04,1.013213E+04,7.424495E-01,8.865667E-01,7.985283E+03,5.217178E+03,3.914142E-01,4.565090E-01,7.973893E+03,5.180868E+03,3.908559E-01,4.533317E-01,8.150946E+03,5.152920E+03,3.995343E-01,4.508859E-01,1.111926E+04,5.476059E+03,5.450050E-01,4.791732E-01
18:40:00,1.663815E+04,1.103757E+04,8.155676E-01,9.658020E-01,7.110645E+03,5.087372E+03,3.485529E-01,4.451465E-01,7.014616E+03,5.026912E+03,3.438458E-01,4.398561E-01,7.008882E+03,5.025914E+03,3.435647E-01,4.397687E-01,7.078031E+03,5.019731E+03,3.469541E-01,4.392276E-01,1.343455E+04,9.847641E+03,6.585513E-01,8.616656E-01,7.030523E+03,5.063204E+03,3.446256E-01,4.430317E-01,7.019132E+03,5.027031E+03,3.440672E-01,4.398665E-01,7.196200E+03,4.998647E+03,3.527465E-01,4.373827E-01,1.016458E+04,5.305166E+03,4.982272E-01,4.642149E-01
18:50:00,1.492585E+04,1.075215E+04,7.316615E-01,9.408152E-01,6.155700E+03,4.936522E+03,3.017558E-01,4.319412E-01,6.059665E+03,4.875660E+03,2.970482E-01,4.266157E-01,6.053930E+03,4.874616E+03,2.967671E-01,4.265243E-01,6.123082E+03,4.868266E+03,3.001567E-01,4.259686E-01,1.172223E+04,9.567520E+03,5.746368E-01,8.371445E-01,6.075574E+03,4.911740E+03,2.978281E-01,4.297727E-01,6.064181E+03,4.875713E+03,2.972696E-01,4.266203E-01,6.241257E+03,4.846882E+03,3.059496E-01,4.240975E-01,9.209644E+03,5.136082E+03,4.514380E-01,4.494134E-01
19:00:00,1.321324E+04,1.046461E+04,6.477412E-01,9.156398E-01,5.200608E+03,4.787619E+03,2.549518E-01,4.189052E-01,5.104568E+03,4.726448E+03,2.502439E-01,4.135527E-01,5.098834E+03,4.725360E+03,2.499627E-01,4.134576E-01,5.167987E+03,4.718832E+03,2.533526E-01,4.128863E-01,1.000964E+04,9.290705E+03,4.907102E-01,8.129108E-01,5.120480E+03,4.762308E+03,2.510239E-01,4.166905E-01,5.109085E+03,4.726436E+03,2.504652E-01,4.135517E-01,5.286164E+03,4.697145E+03,2.591457E-01,4.109886E-01,8.254519E+03,4.968179E+03,4.046404E-01,4.347144E-01
19:10:00,1.320818E+04,1.033381E+04,6.475169E-01,9.041791E-01,5.197887E+03,4.728936E+03,2.548286E-01,4.137629E-01,5.101845E+03,4.667554E+03,2.501203E-01,4.083921E-01,5.096110E+03,4.666425E+03,2.498392E-01,4.082934E-01,5.165263E+03,4.659710E+03,2.532292E-01,4.077057E-01,1.000464E+04,9.175511E+03,4.904831E-01,8.028178E-01,5.117759E+03,4.703188E+03,2.509004E-01,4.115100E-01,5.106361E+03,4.667479E+03,2.503417E-01,4.083856E-01,5.283438E+03,4.637712E+03,2.590224E-01,4.057809E-01,8.251739E+03,4.890442E+03,4.045203E-01,4.279046E-01
19:20:00,1.320800E+04,1.019631E+04,6.475165E-01,8.921328E-01,5.198110E+03,4.669326E+03,2.548421E-01,4.085402E-01,5.102099E+03,4.607836E+03,2.501353E-01,4.031601E-01,5.096366E+03,4.606669E+03,2.498543E-01,4.030580E-01,5.165500E+03,4.599756E+03,2.532434E-01,4.024531E-01,1.000508E+04,9.058615E+03,4.905095E-01,7.925770E-01,5.118010E+03,4.643238E+03,2.509153E-01,4.062576E-01,5.106614E+03,4.607701E+03,2.503566E-01,4.031484E-01,5.283631E+03,4.577438E+03,2.590347E-01,4.005004E-01,8.251419E+03,4.811722E+03,4.045108E-01,4.210099E-01
19:30:00,1.320583E+04,1.005183E+04,6.474164E-01,8.794782E-01,5.197019E+03,4.608812E+03,2.547908E-01,4.032392E-01,5.101020E+03,4.547326E+03,2.500845E-01,3.978597E-01,5.095288E+03,4.546125E+03,2.498035E-01,3.977546E-01,5.164416E+03,4.539003E+03,2.531924E-01,3.971315E-01,1.000312E+04,8.939983E+03,4.904174E-01,7.821860E-01,5.116931E+03,4.582487E+03,2.508645E-01,4.009360E-01,5.105534E+03,4.547134E+03,2.503058E-01,3.978429E-01,5.282525E+03,4.516358E+03,2.589827E-01,3.951502E-01,8.250148E+03,4.731998E+03,4.044535E-01,4.140282E-01
19:40:00,1.320440E+04,9.900963E+03,6.473519E-01,8.662675E-01,5.196328E+03,4.547687E+03,2.547589E-01,3.978863E-01,5.100343E+03,4.486320E+03,2.500531E-01,3.925173E-01,5.094612E+03,4.485087E+03,2.497721E-01,3.924094E-01,5.163732E+03,4.477748E+03,2.531608E-01,3.917673E-01,1.000190E+04,8.820356E+03,4.903609E-01,7.717104E-01,5.116254E+03,4.521232E+03,2.508331E-01,3.955718E-01,5.104856E+03,4.486073E+03,2.502744E-01,3.924956E-01,5.281820E+03,4.454764E+03,2.589501E-01,3.897563E-01,8.249297E+03,4.651657E+03,4.044157E-01,4.069941E-01
19:50:00,1.320326E+04,9.744745E+03,6.473005E-01,8.525919E-01,5.195758E+03,4.486596E+03,2.547325E-01,3.925377E-01,5.099782E+03,4.425461E+03,2.500271E-01,3.871891E-01,5.094052E+03,4.424201E+03,2.497462E-01,3.870788E-01,5.163168E+03,4.416636E+03,2.531347E-01,3.864169E-01,1.000089E+04,8.700934E+03,4.903145E-01,7.612552E-01,5.115694E+03,4.460120E+03,2.508072E-01,3.902213E-01,5.104295E+03,4.425162E+03,2.502484E-01,3.871629E-01,5.281236E+03,4.393299E+03,2.589231E-01,3.843751E-01,8.248631E+03,4.571263E+03,4.043859E-01,3.999567E-01
20:00:00,1.320232E+04,9.585920E+03,6.472580E-01,8.386906E-01,5.195269E+03,4.426789E+03,2.547098E-01,3.873025E-01,5.099302E+03,4.365996E+03,2.500048E-01,3.819838E-01,5.093573E+03,4.364712E+03,2.497240E-01,3.818714E-01,5.162685E+03,4.356916E+03,2.531123E-01,3.811893E-01,1.000003E+04,8.584384E+03,4.902749E-01,7.510531E-01,5.115215E+03,4.400399E+03,2.507850E-01,3.849936E-01,5.103814E+03,4.365648E+03,2.502261E-01,3.819533E-01,5.280736E+03,4.333210E+03,2.589000E-01,3.791152E-01,8.248092E+03,4.492196E+03,4.043617E-01,3.930365E-01
20:10:00,1.294409E+04,9.417088E+03,6.346007E-01,8.239154E-01,5.051262E+03,4.364003E+03,2.476506E-01,3.818074E-01,4.955301E+03,4.303657E+03,2.429459E-01,3.765278E-01,4.949573E+03,4.302353E+03,2.426650E-01,3.764137E-01,5.018683E+03,4.294325E+03,2.460533E-01,3.757113E-01,9.741849E+03,8.463267E+03,4.776188E-01,7.404529E-01,4.971216E+03,4.337806E+03,2.437261E-01,3.795154E-01,4.959813E+03,4.303263E+03,2.431670E-01,3.764933E-01,5.136720E+03,4.270228E+03,2.518403E-01,3.736030E-01,8.104065E+03,4.410002E+03,3.973024E-01,3.858434E-01
20:20:00,1.268550E+04,9.249713E+03,6.219266E-01,8.092687E-01,4.907023E+03,4.304272E+03,2.405804E-01,3.765801E-01,4.811062E+03,4.244477E+03,2.358756E-01,3.713487E-01,4.805333E+03,4.243157E+03,2.355947E-01,3.712332E-01,4.874447E+03,4.234899E+03,2.389832E-01,3.705106E-01,9.483232E+03,8.348464E+03,4.649421E-01,7.304060E-01,4.826979E+03,4.278378E+03,2.366560E-01,3.743147E-01,4.815573E+03,4.244040E+03,2.360968E-01,3.713105E-01,4.992478E+03,4.210387E+03,2.447700E-01,3.683661E-01,7.959862E+03,4.330773E+03,3.902349E-01,3.789102E-01
20:30:00,1.242715E+04,9.086113E+03,6.092640E-01,7.949526E-01,4.762933E+03,4.248302E+03,2.335174E-01,3.716820E-01,4.666974E+03,4.189156E+03,2.288127E-01,3.665074E-01,4.661246E+03,4.187824E+03,2.285318E-01,3.663909E-01,4.730360E+03,4.179342E+03,2.319203E-01,3.656487E-01,9.224886E+03,8.241369E+03,4.522787E-01,7.210339E-01,4.682893E+03,4.222820E+03,2.295932E-01,3.694526E-01,4.671485E+03,4.188680E+03,2.290338E-01,3.664658E-01,4.848383E+03,4.154386E+03,2.377068E-01,3.634654E-01,7.815776E+03,4.255280E+03,3.831731E-01,3.723040E-01
20:40:00,1.216875E+04,8.927717E+03,5.965987E-01,7.810920E-01,4.618815E+03,4.196250E+03,2.264530E-01,3.671268E-01,4.522857E+03,4.137848E+03,2.217483E-01,3.620173E-01,4.517129E+03,4.136509E+03,2.214675E-01,3.619001E-01,4.586244E+03,4.127810E+03,2.248560E-01,3.611390E-01,8.966486E+03,8.142243E+03,4.396125E-01,7.123592E-01,4.538778E+03,4.171287E+03,2.225289E-01,3.649428E-01,4.527367E+03,4.137336E+03,2.219694E-01,3.619725E-01,4.704259E+03,4.102379E+03,2.306421E-01,3.589141E-01,7.671656E+03,4.183766E+03,3.761097E-01,3.660460E-01
20:50:00,1.191032E+04,8.775805E+03,5.839325E-01,7.677986E-01,4.474692E+03,4.148110E+03,2.193884E-01,3.629138E-01,4.378735E+03,4.090537E+03,2.146837E-01,3.578769E-01,4.373008E+03,4.089196E+03,2.144029E-01,3.577595E-01,4.442123E+03,4.080292E+03,2.177915E-01,3.569805E-01,8.708077E+03,8.051027E+03,4.269459E-01,7.043764E-01,4.394659E+03,4.123768E+03,2.154644E-01,3.607842E-01,4.383246E+03,4.089993E+03,2.149049E-01,3.578293E-01,4.560132E+03,4.054353E+03,2.235773E-01,3.547111E-01,7.527522E+03,4.116322E+03,3.690457E-01,3.601442E-01
21:00:00,1.165188E+04,8.629984E+03,5.712658E-01,7.550382E-01,4.330566E+03,4.103113E+03,2.123236E-01,3.589758E-01,4.234611E+03,4.046453E+03,2.076190E-01,3.540187E-01,4.228884E+03,4.045114E+03,2.073382E-01,3.539015E-01,4.297999E+03,4.036016E+03,2.107269E-01,3.531056E-01,8.449661E+03,7.966056E+03,4.142789E-01,6.969399E-01,4.250536E+03,4.079492E+03,2.083998E-01,3.569092E-01,4.239121E+03,4.045880E+03,2.078401E-01,3.539685E-01,4.416001E+03,4.009538E+03,2.165123E-01,3.507890E-01,7.383378E+03,4.052287E+03,3.619814E-01,3.545405E-01
21:10:00,1.165088E+04,8.499431E+03,5.712203E-01,7.436134E-01,4.330022E+03,4.065897E+03,2.122984E-01,3.557184E-01,4.234069E+03,4.010218E+03,2.075939E-01,3.508472E-01,4.228342E+03,4.008886E+03,2.073131E-01,3.507307E-01,4.297458E+03,3.999606E+03,2.107018E-01,3.499188E-01,8.448685E+03,7.895510E+03,4.142337E-01,6.907655E-01,4.249996E+03,4.043081E+03,2.083747E-01,3.537223E-01,4.238579E+03,4.009621E+03,2.078150E-01,3.507949E-01,4.415452E+03,3.972558E+03,2.164869E-01,3.475524E-01,7.382812E+03,3.996255E+03,3.619561E-01,3.496370E-01
21:20:00,1.165036E+04,8.374565E+03,5.711969E-01,7.326863E-01,4.329763E+03,4.030665E+03,2.122865E-01,3.526346E-01,4.233818E+03,3.976025E+03,2.075824E-01,3.478544E-01,4.228092E+03,3.974705E+03,2.073016E-01,3.477389E-01,4.297203E+03,3.965252E+03,2.106901E-01,3.469118E-01,8.448236E+03,7.828931E+03,4.142133E-01,6.849381E-01,4.249745E+03,4.008726E+03,2.083633E-01,3.507153E-01,4.238327E+03,3.975406E+03,2.078034E-01,3.478002E-01,4.415182E+03,3.937609E+03,2.164746E-01,3.444934E-01,7.382494E+03,3.942525E+03,3.619421E-01,3.449349E-01
21:30:00,1.164969E+04,8.255503E+03,5.711664E-01,7.222674E-01,4.329399E+03,3.997197E+03,2.122695E-01,3.497053E-01,4.233458E+03,3.943638E+03,2.075655E-01,3.450196E-01,4.227732E+03,3.942334E+03,2.072847E-01,3.449056E-01,4.296842E+03,3.932718E+03,2.106732E-01,3.440643E-01,8.447593E+03,7.765850E+03,4.141833E-01,6.794171E-01,4.249386E+03,3.976191E+03,2.083465E-01,3.478676E-01,4.237966E+03,3.943000E+03,2.077865E-01,3.449639E-01,4.414812E+03,3.904458E+03,2.164573E-01,3.415919E-01,7.382115E+03,3.890946E+03,3.619249E-01,3.404212E-01
21:40:00,1.164916E+04,8.142199E+03,5.711420E-01,7.123527E-01,4.329100E+03,3.965308E+03,2.122556E-01,3.469144E-01,4.233163E+03,3.912855E+03,2.075517E-01,3.423256E-01,4.227437E+03,3.911572E+03,2.072710E-01,3.422133E-01,4.296547E+03,3.901802E+03,2.106594E-01,3.413585E-01,8.447069E+03,7.705868E+03,4.141589E-01,6.741676E-01,4.249093E+03,3.945274E+03,2.083328E-01,3.451617E-01,4.237671E+03,3.912203E+03,2.077727E-01,3.422685E-01,4.414507E+03,3.872908E+03,2.164431E-01,3.388307E-01,7.381815E+03,3.841377E+03,3.619113E-01,3.360835E-01
21:50:00,1.164870E+04,8.034475E+03,5.711213E-01,7.029267E-01,4.328836E+03,3.934835E+03,2.122432E-01,3.442477E-01,4.232901E+03,3.883503E+03,2.075395E-01,3.397568E-01,4.227176E+03,3.882245E+03,2.072588E-01,3.396468E-01,4.296285E+03,3.872327E+03,2.106472E-01,3.387791E-01,8.446608E+03,7.648635E+03,4.141374E-01,6.691590E-01,4.248833E+03,3.915797E+03,2.083206E-01,3.425822E-01,4.237409E+03,3.882839E+03,2.077605E-01,3.396988E-01,4.414237E+03,3.842787E+03,2.164305E-01,3.361947E-01,7.381564E+03,3.793676E+03,3.618999E-01,3.319095E-01
22:00:00,1.164832E+04,7.932064E+03,5.711035E-01,6.939659E-01,4.328601E+03,3.905637E+03,2.122322E-01,3.416926E-01,4.232668E+03,3.855424E+03,2.075286E-01,3.372998E-01,4.226944E+03,3.854195E+03,2.072479E-01,3.371922E-01,4.296052E+03,3.844137E+03,2.106363E-01,3.363123E-01,8.446198E+03,7.593842E+03,4.141184E-01,6.643642E-01,4.248601E+03,3.887606E+03,2.083098E-01,3.401152E-01,4.237176E+03,3.854752E+03,2.077496E-01,3.372409E-01,4.413997E+03,3.813943E+03,2.164193E-01,3.336706E-01,7.381353E+03,3.747706E+03,3.618903E-01,3.278872E-01
22:10:00,1.164798E+04,7.835095E+03,5.710880E-01,6.854815E-01,4.328391E+03,3.877730E+03,2.122224E-01,3.392507E-01,4.232459E+03,3.828628E+03,2.075188E-01,3.349550E-01,4.226735E+03,3.827430E+03,2.072381E-01,3.348501E-01,4.295844E+03,3.817239E+03,2.106266E-01,3.339585E-01,8.445833E+03,7.541514E+03,4.141013E-01,6.597854E-01,4.248393E+03,3.860705E+03,2.083001E-01,3.377613E-01,4.236967E+03,3.827949E+03,2.077398E-01,3.348956E-01,4.413783E+03,3.786385E+03,2.164093E-01,3.312593E-01,7.381173E+03,3.703629E+03,3.618820E-01,3.240305E-01
22:20:00,1.164769E+04,7.743245E+03,5.710747E-01,6.774453E-01,4.328203E+03,3.851013E+03,2.122136E-01,3.369130E-01,4.232273E+03,3.803003E+03,2.075100E-01,3.327128E-01,4.226548E+03,3.801839E+03,2.072294E-01,3.326109E-01,4.295657E+03,3.791519E+03,2.106178E-01,3.317080E-01,8.445508E+03,7.491432E+03,4.140862E-01,6.554032E-01,4.248208E+03,3.834983E+03,2.082914E-01,3.355106E-01,4.236779E+03,3.802319E+03,2.077310E-01,3.326529E-01,4.413592E+03,3.760006E+03,2.164003E-01,3.289511E-01,7.381019E+03,3.661328E+03,3.618749E-01,3.203294E-01
22:30:00,1.164744E+04,7.656194E+03,5.710631E-01,6.698289E-01,4.328034E+03,3.825398E+03,2.122057E-01,3.346717E-01,4.232105E+03,3.778456E+03,2.075022E-01,3.305650E-01,4.226381E+03,3.777327E+03,2.072215E-01,3.304662E-01,4.295491E+03,3.766884E+03,2.106100E-01,3.295525E-01,8.445218E+03,7.443413E+03,4.140726E-01,6.512017E-01,4.248042E+03,3.810346E+03,2.082836E-01,3.333549E-01,4.236611E+03,3.777768E+03,2.077231E-01,3.305048E-01,4.413421E+03,3.734712E+03,2.163923E-01,3.267380E-01,7.380887E+03,3.620699E+03,3.618687E-01,3.167746E-01
22:40:00,1.164722E+04,7.573629E+03,5.710530E-01,6.626052E-01,4.327884E+03,3.800810E+03,2.121986E-01,3.325204E-01,4.231955E+03,3.754907E+03,2.074951E-01,3.285046E-01,4.226231E+03,3.753815E+03,2.072145E-01,3.284091E-01,4.295342E+03,3.743252E+03,2.106030E-01,3.274848E-01,8.444959E+03,7.397302E+03,4.140606E-01,6.471672E-01,4.247893E+03,3.786712E+03,2.082766E-01,3.312871E-01,4.236461E+03,3.754216E+03,2.077161E-01,3.284442E-01,4.413269E+03,3.710427E+03,2.163851E-01,3.246131E-01,7.380772E+03,3.581648E+03,3.618634E-01,3.133579E-01
22:50:00,1.164703E+04,7.495250E+03,5.710442E-01,6.557478E-01,4.327749E+03,3.777182E+03,2.121923E-01,3.304531E-01,4.231820E+03,3.732287E+03,2.074888E-01,3.265255E-01,4.226096E+03,3.731233E+03,2.072081E-01,3.264333E-01,4.295208E+03,3.720553E+03,2.105967E-01,3.254989E-01,8.444728E+03,7.352963E+03,4.140498E-01,6.432879E-01,4.247759E+03,3.764012E+03,2.082703E-01,3.293009E-01,4.236326E+03,3.731595E+03,2.077097E-01,3.264649E-01,4.413132E+03,3.687080E+03,2.163787E-01,3.225704E-01,7.380673E+03,3.544090E+03,3.618587E-01,3.100719E-01
23:00:00,1.164687E+04,7.420779E+03,5.710365E-01,6.492323E-01,4.327628E+03,3.754458E+03,2.121866E-01,3.284649E-01,4.231698E+03,3.710537E+03,2.074830E-01,3.246225E-01,4.225975E+03,3.709522E+03,2.072024E-01,3.245337E-01,4.295088E+03,3.698728E+03,2.105911E-01,3.235894E-01,8.444522E+03,7.310282E+03,4.140401E-01,6.395536E-01,4.247639E+03,3.742185E+03,2.082646E-01,3.273912E-01,4.236204E+03,3.709843E+03,2.077040E-01,3.245618E-01,4.413009E+03,3.664615E+03,2.163730E-01,3.206049E-01,7.380587E+03,3.507952E+03,3.618547E-01,3.069101E-01
23:10:00,1.164672E+04,7.349510E+03,5.710298E-01,6.429971E-01,4.327520E+03,3.732443E+03,2.121815E-01,3.265388E-01,4.231589E+03,3.689462E+03,2.074779E-01,3.227786E-01,4.225866E+03,3.688486E+03,2.071973E-01,3.226933E-01,4.294980E+03,3.677580E+03,2.105860E-01,3.217391E-01,8.444337E+03,7.268865E+03,4.140315E-01,6.359300E-01,4.247531E+03,3.721034E+03,2.082596E-01,3.255408E-01,4.236095E+03,3.688767E+03,2.076988E-01,3.227178E-01,4.412900E+03,3.642836E+03,2.163678E-01,3.186994E-01,7.380511E+03,3.472878E+03,3.618511E-01,3.038414E-01
23:20:00,1.164660E+04,7.281185E+03,5.710239E-01,6.370194E-01,4.327422E+03,3.711083E+03,2.121769E-01,3.246701E-01,4.231491E+03,3.669009E+03,2.074733E-01,3.209892E-01,4.225768E+03,3.668073E+03,2.071927E-01,3.209073E-01,4.294883E+03,3.657056E+03,2.105815E-01,3.199434E-01,8.444172E+03,7.228605E+03,4.140237E-01,6.324077E-01,4.247434E+03,3.700508E+03,2.082550E-01,3.237449E-01,4.235996E+03,3.668313E+03,2.076942E-01,3.209283E-01,4.412801E+03,3.621692E+03,2.163631E-01,3.168496E-01,7.380444E+03,3.438803E+03,3.618479E-01,3.008601E-01
23:30:00,1.164648E+04,7.215561E+03,5.710186E-01,6.312781E-01,4.327335E+03,3.690339E+03,2.121728E-01,3.228552E-01,4.231402E+03,3.649137E+03,2.074691E-01,3.192507E-01,4.225679E+03,3.648240E+03,2.071885E-01,3.191722E-01,4.294796E+03,3.637114E+03,2.105774E-01,3.181987E-01,8.444024E+03,7.189407E+03,4.140168E-01,6.289783E-01,4.247347E+03,3.680564E+03,2.082509E-01,3.220001E-01,4.235908E+03,3.648440E+03,2.076900E-01,3.191897E-01,4.412712E+03,3.601140E+03,2.163590E-01,3.150515E-01,7.380384E+03,3.405640E+03,3.618451E-01,2.979587E-01
23:40:00,1.164639E+04,7.152418E+03,5.710140E-01,6.257538E-01,4.327256E+03,3.670149E+03,2.121690E-01,3.210888E-01,4.231322E+03,3.629780E+03,2.074653E-01,3.175572E-01,4.225599E+03,3.628922E+03,2.071847E-01,3.174821E-01,4.294717E+03,3.617691E+03,2.105736E-01,3.164995E-01,8.443892E+03,7.151187E+03,4.140106E-01,6.256344E-01,4.247268E+03,3.661139E+03,2.082471E-01,3.203006E-01,4.235828E+03,3.629081E+03,2.076862E-01,3.174960E-01,4.412632E+03,3.581114E+03,2.163552E-01,3.132995E-01,7.380331E+03,3.373315E+03,3.618425E-01,2.951306E-01
23:50:00,1.164630E+04,7.091566E+03,5.710099E-01,6.204299E-01,4.327184E+03,3.650454E+03,2.121657E-01,3.193657E-01,4.231250E+03,3.610884E+03,2.074619E-01,3.159039E-01,4.225527E+03,3.610063E+03,2.071813E-01,3.158322E-01,4.294646E+03,3.598732E+03,2.105703E-01,3.148408E-01,8.443773E+03,7.113883E+03,4.140050E-01,6.223708E-01,4.247197E+03,3.642178E+03,2.082438E-01,3.186417E-01,4.235755E+03,3.610182E+03,2.076828E-01,3.158426E-01,4.412560E+03,3.561560E+03,2.163518E-01,3.115887E-01,7.380283E+03,3.341760E+03,3.618402E-01,2.923698E-01
24:00:00,1.164622E+04,7.032805E+03,5.710062E-01,6.152891E-01,4.327120E+03,3.631205E+03,2.121626E-01,3.176817E-01,4.231184E+03,3.592399E+03,2.074588E-01,3.142868E-01,4.225462E+03,3.591616E+03,2.071782E-01,3.142183E-01,4.294582E+03,3.580188E+03,2.105672E-01,3.132184E-01,8.443666E+03,7.077415E+03,4.139999E-01,6.191803E-01,4.247132E+03,3.623631E+03,2.082407E-01,3.170192E-01,4.235689E+03,3.591696E+03,2.076797E-01,3.142252E-01,4.412495E+03,3.542429E+03,2.163487E-01,3.099150E-01,7.380239E+03,3.310910E+03,3.618381E-01,2.896708E-01
Peak,2.348149E+04,1.342786E+04,1.150936E+00,1.174990E+00,1.092758E+04,6.750486E+03,5.356145E-01,5.906893E-01,1.083160E+04,6.708926E+03,5.309102E-01,5.870526E-01,1.082587E+04,6.708901E+03,5.306292E-01,5.870504E-01,1.089499E+04,6.705135E+03,5.340169E-01,5.867207E-01,2.027862E+04,1.301118E+04,9.939755E-01,1.138509E+00,1.084750E+04,6.748634E+03,5.316893E-01,5.905273E-01,1.083611E+04,6.710659E+03,5.311314E-01,5.872042E-01,1.101310E+04,6.696431E+03,5.398061E-01,5.859588E-01,1.398088E+04,7.414163E+03,6.852377E-01,6.487768E-01

Peak Vol Flow (m3/s),,,9.804171E-01,1.000907E+00,,,4.562594E-01,5.031745E-01,,,4.522521E-01,5.000766E-01,,,4.520127E-01,5.000748E-01,,,4.548985E-01,4.997939E-01,,,8.467110E-01,9.698308E-01,,,4.529158E-01,5.030365E-01,,,4.524405E-01,5.002058E-01,,,4.598300E-01,4.991449E-01,,,5.837149E-01,5.526559E-01
