Time,PSZ-AC_1:1:DesPer 1:Des Heat Mass Flow [kg/s],PSZ-AC_1:1:DesPer 1:Des Heat Cap [W],PSZ-AC_1:1:DesPer 1:Des Cool Mass Flow [kg/s],PSZ-AC_1:1:DesPer 1:Des Sens Cool Cap [W],PSZ-AC_1:1:DesPer 1:Des Tot Cool Cap [W],PSZ-AC_1:1:DesPer 2:Des Heat Mass Flow [kg/s],PSZ-AC_1:1:DesPer 2:Des Heat Cap [W],PSZ-AC_1:1:DesPer 2:Des Cool Mass Flow [kg/s],PSZ-AC_1:1:DesPer 2:Des Sens Cool Cap [W],PSZ-AC_1:1:DesPer 2:Des Tot Cool Cap [W],PSZ-AC_2:2:DesPer 1:Des Heat Mass Flow [kg/s],PSZ-AC_2:2:DesPer 1:Des Heat Cap [W],PSZ-AC_2:2:DesPer 1:Des Cool Mass Flow [kg/s],PSZ-AC_2:2:DesPer 1:Des Sens Cool Cap [W],PSZ-AC_2:2:DesPer 1:Des Tot Cool Cap [W],PSZ-AC_2:2:DesPer 2:Des Heat Mass Flow [kg/s],PSZ-AC_2:2:DesPer 2:Des Heat Cap [W],PSZ-AC_2:2:DesPer 2:Des Cool Mass Flow [kg/s],PSZ-AC_2:2:DesPer 2:Des Sens Cool Cap [W],PSZ-AC_2:2:DesPer 2:Des Tot Cool Cap [W]
00:10:00,1.091013E+00,6.172247E+04,1.091013E+00,0.000000E+00,0.000000E+00,1.091013E+00,1.909669E+04,1.091013E+00,1.072305E+04,2.435634E+04,1.339840E+00,7.579951E+04,1.339840E+00,0.000000E+00,0.000000E+00,1.339840E+00,2.345207E+04,1.339840E+00,1.316865E+04,2.991129E+04
00:20:00,1.091013E+00,6.172247E+04,1.091013E+00,0.000000E+00,0.000000E+00,1.091013E+00,1.919865E+04,1.091013E+00,1.062109E+04,2.425142E+04,1.339840E+00,7.579951E+04,1.339840E+00,0.000000E+00,0.000000E+00,1.339840E+00,2.357728E+04,1.339840E+00,1.304344E+04,2.978244E+04
00:30:00,1.091013E+00,6.172247E+04,1.091013E+00,0.000000E+00,0.000000E+00,1.091013E+00,1.930061E+04,1.091013E+00,1.051913E+04,2.414649E+04,1.339840E+00,7.579951E+04,1.339840E+00,0.000000E+00,0.000000E+00,1.339840E+00,2.370249E+04,1.339840E+00,1.291823E+04,2.965358E+04
00:40:00,1.091013E+00,6.172247E+04,1.091013E+00,0.000000E+00,0.000000E+00,1.091013E+00,1.940256E+04,1.091013E+00,1.041717E+04,2.404156E+04,1.339840E+00,7.579951E+04,1.339840E+00,0.000000E+00,0.000000E+00,1.339840E+00,2.382770E+04,1.339840E+00,1.279302E+04,2.952472E+04
00:50:00,1.091013E+00,6.172247E+04,1.091013E+00,0.000000E+00,0.000000E+00,1.091013E+00,1.950452E+04,1.091013E+00,1.031522E+04,2.393665E+04,1.339840E+00,7.579951E+04,1.339840E+00,0.000000E+00,0.000000E+00,1.339840E+00,2.395291E+04,1.339840E+00,1.266781E+04,2.939588E+04
01:00:00,1.091013E+00,6.172247E+04,1.091013E+00,0.000000E+00,0.000000E+00,1.091013E+00,1.960648E+04,1.091013E+00,1.021326E+04,2.383173E+04,1.339840E+00,7.579951E+04,1.339840E+00,0.000000E+00,0.000000E+00,1.339840E+00,2.407812E+04,1.339840E+00,1.254260E+04,2.926703E+04
01:10:00,1.091013E+00,6.172247E+04,1.091013E+00,0.000000E+00,0.000000E+00,1.091013E+00,1.967445E+04,1.091013E+00,1.014529E+04,2.376176E+04,1.339840E+00,7.579951E+04,1.339840E+00,0.000000E+00,0.000000E+00,1.339840E+00,2.416160E+04,1.339840E+00,1.245912E+04,2.918110E+04
01:20:00,1.091013E+00,6.172247E+04,1.091013E+00,0.000000E+00,0.000000E+00,1.091013E+00,1.974242E+04,1.091013E+00,1.007732E+04,2.369182E+04,1.339840E+00,7.579951E+04,1.339840E+00,0.000000E+00,0.000000E+00,1.339840E+00,2.424507E+04,1.339840E+00,1.237565E+04,2.909521E+04
01:30:00,1.091013E+00,6.172247E+04,1.091013E+00,0.000000E+00,0.000000E+00,1.091013E+00,1.981039E+04,1.091013E+00,1.000935E+04,2.362187E+04,1.339840E+00,7.579951E+04,1.339840E+00,0.000000E+00,0.000000E+00,1.339840E+00,2.432855E+04,1.339840E+00,1.229218E+04,2.900931E+04
01:40:00,1.091013E+00,6.172247E+04,1.091013E+00,0.000000E+00,0.000000E+00,1.091013E+00,1.987836E+04,1.091013E+00,9.941374E+03,2.355193E+04,1.339840E+00,7.579951E+04,1.339840E+00,0.000000E+00,0.000000E+00,1.339840E+00,2.441202E+04,1.339840E+00,1.220870E+04,2.892341E+04
01:50:00,1.091013E+00,6.172247E+04,1.091013E+00,0.000000E+00,0.000000E+00,1.091013E+00,1.994633E+04,1.091013E+00,9.873403E+03,2.348198E+04,1.339840E+00,7.579951E+04,1.339840E+00,0.000000E+00,0.000000E+00,1.339840E+00,2.449549E+04,1.339840E+00,1.212523E+04,2.883751E+04
02:00:00,1.091013E+00,6.172247E+04,1.091013E+00,0.000000E+00,0.000000E+00,1.091013E+00,2.001431E+04,1.091013E+00,9.805431E+03,2.341202E+04,1.339840E+00,7.579951E+04,1.339840E+00,0.000000E+00,0.000000E+00,1.339840E+00,2.457897E+04,1.339840E+00,1.204176E+04,2.875159E+04
02:10:00,1.091013E+00,6.172247E+04,1.091013E+00,0.000000E+00,0.000000E+00,1.091013E+00,2.006528E+04,1.091013E+00,9.754453E+03,2.335956E+04,1.339840E+00,7.579951E+04,1.339840E+00,0.000000E+00,0.000000E+00,1.339840E+00,2.464157E+04,1.339840E+00,1.197915E+04,2.868718E+04
02:20:00,1.091013E+00,6.172247E+04,1.091013E+00,0.000000E+00,0.000000E+00,1.091013E+00,2.011626E+04,1.091013E+00,9.703474E+03,2.330709E+04,1.339840E+00,7.579951E+04,1.339840E+00,0.000000E+00,0.000000E+00,1.339840E+00,2.470418E+04,1.339840E+00,1.191654E+04,2.862274E+04
02:30:00,1.091013E+00,6.172247E+04,1.091013E+00,0.000000E+00,0.000000E+00,1.091013E+00,2.016724E+04,1.091013E+00,9.652496E+03,2.325464E+04,1.339840E+00,7.579951E+04,1.339840E+00,0.000000E+00,0.000000E+00,1.339840E+00,2.476678E+04,1.339840E+00,1.185394E+04,2.855832E+04
02:40:00,1.091013E+00,6.172247E+04,1.091013E+00,0.000000E+00,0.000000E+00,1.091013E+00,2.021822E+04,1.091013E+00,9.601517E+03,2.320218E+04,1.339840E+00,7.579951E+04,1.339840E+00,0.000000E+00,0.000000E+00,1.339840E+00,2.482939E+04,1.339840E+00,1.179133E+04,2.849390E+04
02:50:00,1.091013E+00,6.172247E+04,1.091013E+00,0.000000E+00,0.000000E+00,1.091013E+00,2.026920E+04,1.091013E+00,9.550538E+03,2.314971E+04,1.339840E+00,7.579951E+04,1.339840E+00,0.000000E+00,0.000000E+00,1.339840E+00,2.489199E+04,1.339840E+00,1.172873E+04,2.842947E+04
03:00:00,1.091013E+00,6.172247E+04,1.091013E+00,0.000000E+00,0.000000E+00,1.091013E+00,2.032018E+04,1.091013E+00,9.499560E+03,2.309726E+04,1.339840E+00,7.579951E+04,1.339840E+00,0.000000E+00,0.000000E+00,1.339840E+00,2.495460E+04,1.339840E+00,1.166612E+04,2.836504E+04
03:10:00,1.091013E+00,6.172247E+04,1.091013E+00,0.000000E+00,0.000000E+00,1.091013E+00,2.037116E+04,1.091013E+00,9.448581E+03,2.304479E+04,1.339840E+00,7.579951E+04,1.339840E+00,0.000000E+00,0.000000E+00,1.339840E+00,2.501720E+04,1.339840E+00,1.160352E+04,2.830061E+04
03:20:00,1.091013E+00,6.172247E+04,1.091013E+00,0.000000E+00,0.000000E+00,1.091013E+00,2.042213E+04,1.091013E+00,9.397603E+03,2.299233E+04,1.339840E+00,7.579951E+04,1.339840E+00,0.000000E+00,0.000000E+00,1.339840E+00,2.507981E+04,1.339840E+00,1.154091E+04,2.823619E+04
03:30:00,1.091013E+00,6.172247E+04,1.091013E+00,0.000000E+00,0.000000E+00,1.091013E+00,2.047311E+04,1.091013E+00,9.346624E+03,2.293986E+04,1.339840E+00,7.579951E+04,1.339840E+00,0.000000E+00,0.000000E+00,1.339840E+00,2.514241E+04,1.339840E+00,1.147831E+04,2.817175E+04
03:40:00,1.091013E+00,6.172247E+04,1.091013E+00,0.000000E+00,0.000000E+00,1.091013E+00,2.052409E+04,1.091013E+00,9.295645E+03,2.288740E+04,1.339840E+00,7.579951E+04,1.339840E+00,0.000000E+00,0.000000E+00,1.339840E+00,2.520502E+04,1.339840E+00,1.141570E+04,2.810733E+04
03:50:00,1.091013E+00,6.172247E+04,1.091013E+00,0.000000E+00,0.000000E+00,1.091013E+00,2.057507E+04,1.091013E+00,9.244667E+03,2.283495E+04,1.339840E+00,7.579951E+04,1.339840E+00,0.000000E+00,0.000000E+00,1.339840E+00,2.526762E+04,1.339840E+00,1.135310E+04,2.804292E+04
04:00:00,1.091013E+00,6.172247E+04,1.091013E+00,0.000000E+00,0.000000E+00,1.091013E+00,2.062605E+04,1.091013E+00,9.193688E+03,2.278248E+04,1.339840E+00,7.579951E+04,1.339840E+00,0.000000E+00,0.000000E+00,1.339840E+00,2.533023E+04,1.339840E+00,1.129049E+04,2.797848E+04
04:10:00,1.091013E+00,6.172247E+04,1.091013E+00,0.000000E+00,0.000000E+00,1.091013E+00,2.066003E+04,1.091013E+00,9.159702E+03,2.274752E+04,1.339840E+00,7.579951E+04,1.339840E+00,0.000000E+00,0.000000E+00,1.339840E+00,2.537197E+04,1.339840E+00,1.124875E+04,2.793554E+04
04:20:00,1.091013E+00,6.172247E+04,1.091013E+00,0.000000E+00,0.000000E+00,1.091013E+00,2.069402E+04,1.091013E+00,9.125717E+03,2.271254E+04,1.339840E+00,7.579951E+04,1.339840E+00,0.000000E+00,0.000000E+00,1.339840E+00,2.541370E+04,1.339840E+00,1.120702E+04,2.789258E+04
04:30:00,1.091013E+00,6.172247E+04,1.091013E+00,0.000000E+00,0.000000E+00,1.091013E+00,2.072801E+04,1.091013E+00,9.091731E+03,2.267756E+04,1.339840E+00,7.579951E+04,1.339840E+00,0.000000E+00,0.000000E+00,1.339840E+00,2.545544E+04,1.339840E+00,1.116528E+04,2.784963E+04
04:40:00,1.091013E+00,6.172247E+04,1.091013E+00,0.000000E+00,0.000000E+00,1.091013E+00,2.076199E+04,1.091013E+00,9.057745E+03,2.264259E+04,1.339840E+00,7.579951E+04,1.339840E+00,0.000000E+00,0.000000E+00,1.339840E+00,2.549718E+04,1.339840E+00,1.112354E+04,2.780669E+04
04:50:00,1.091013E+00,6.172247E+04,1.091013E+00,0.000000E+00,0.000000E+00,1.091013E+00,2.079598E+04,1.091013E+00,9.023760E+03,2.260761E+04,1.339840E+00,7.579951E+04,1.339840E+00,0.000000E+00,0.000000E+00,1.339840E+00,2.553891E+04,1.339840E+00,1.108181E+04,2.776373E+04
05:00:00,1.091013E+00,6.172247E+04,1.091013E+00,0.000000E+00,0.000000E+00,1.091013E+00,2.082996E+04,1.091013E+00,8.989774E+03,2.257265E+04,1.339840E+00,7.579951E+04,1.339840E+00,0.000000E+00,0.000000E+00,1.339840E+00,2.558065E+04,1.339840E+00,1.104007E+04,2.772079E+04
05:10:00,1.091013E+00,6.172247E+04,1.091013E+00,0.000000E+00,0.000000E+00,1.091013E+00,2.079598E+04,1.091013E+00,9.023760E+03,2.260761E+04,1.339840E+00,7.579951E+04,1.339840E+00,0.000000E+00,0.000000E+00,1.339840E+00,2.553891E+04,1.339840E+00,1.108181E+04,2.776373E+04
05:20:00,1.091013E+00,6.172247E+04,1.091013E+00,0.000000E+00,0.000000E+00,1.091013E+00,2.076199E+04,1.091013E+00,9.057745E+03,2.264259E+04,1.339840E+00,7.579951E+04,1.339840E+00,0.000000E+00,0.000000E+00,1.339840E+00,2.549718E+04,1.339840E+00,1.112354E+04,2.780669E+04
05:30:00,1.091013E+00,6.172247E+04,1.091013E+00,0.000000E+00,0.000000E+00,1.091013E+00,2.072801E+04,1.091013E+00,9.091731E+03,2.267756E+04,1.339840E+00,7.579951E+04,1.339840E+00,0.000000E+00,0.000000E+00,1.339840E+00,2.545544E+04,1.339840E+00,1.116528E+04,2.784963E+04
05:40:00,1.091013E+00,6.172247E+04,1.091013E+00,0.000000E+00,0.000000E+00,1.091013E+00,2.069402E+04,1.091013E+00,9.125717E+03,2.271254E+04,1.339840E+00,7.579951E+04,1.339840E+00,0.000000E+00,0.000000E+00,1.339840E+00,2.541370E+04,1.339840E+00,1.120702E+04,2.789258E+04
05:50:00,1.091013E+00,6.172247E+04,1.091013E+00,0.000000E+00,0.000000E+00,1.091013E+00,2.066003E+04,1.091013E+00,9.159702E+03,2.274752E+04,1.339840E+00,7.579951E+04,1.339840E+00,0.000000E+00,0.000000E+00,1.339840E+00,2.537197E+04,1.339840E+00,1.124875E+04,2.793554E+04
06:00:00,1.091013E+00,6.172247E+04,1.091013E+00,0.000000E+00,0.000000E+00,1.091013E+00,2.062605E+04,1.091013E+00,9.193688E+03,2.278248E+04,1.339840E+00,7.579951E+04,1.339840E+00,0.000000E+00,0.000000E+00,1.339840E+00,2.533023E+04,1.339840E+00,1.129049E+04,2.797848E+04
06:10:00,1.091013E+00,6.172247E+04,1.091013E+00,0.000000E+00,0.000000E+00,1.091013E+00,2.050710E+04,1.091013E+00,9.312638E+03,2.290490E+04,1.339840E+00,7.579951E+04,1.339840E+00,0.000000E+00,0.000000E+00,1.339840E+00,2.518415E+04,1.339840E+00,1.143657E+04,2.812882E+04
06:20:00,1.091013E+00,6.172247E+04,1.091013E+00,0.000000E+00,0.000000E+00,1.091013E+00,2.038815E+04,1.091013E+00,9.431588E+03,2.302731E+04,1.339840E+00,7.579951E+04,1.339840E+00,0.000000E+00,0.000000E+00,1.339840E+00,2.503807E+04,1.339840E+00,1.158265E+04,2.827915E+04
06:30:00,1.091013E+00,6.172247E+04,1.091013E+00,0.000000E+00,0.000000E+00,1.091013E+00,2.026920E+04,1.091013E+00,9.550538E+03,2.314971E+04,1.339840E+00,7.579951E+04,1.339840E+00,0.000000E+00,0.000000E+00,1.339840E+00,2.489199E+04,1.339840E+00,1.172873E+04,2.842947E+04
06:40:00,1.091013E+00,6.172247E+04,1.091013E+00,0.000000E+00,0.000000E+00,1.091013E+00,2.015025E+04,1.091013E+00,9.669488E+03,2.327213E+04,1.339840E+00,7.579951E+04,1.339840E+00,0.000000E+00,0.000000E+00,1.339840E+00,2.474591E+04,1.339840E+00,1.187481E+04,2.857980E+04
06:50:00,1.091013E+00,6.172247E+04,1.091013E+00,0.000000E+00,0.000000E+00,1.091013E+00,2.003130E+04,1.091013E+00,9.788438E+03,2.339453E+04,1.339840E+00,7.579951E+04,1.339840E+00,0.000000E+00,0.000000E+00,1.339840E+00,2.459984E+04,1.339840E+00,1.202089E+04,2.873011E+04
07:00:00,1.091013E+00,6.172247E+04,1.091013E+00,0.000000E+00,0.000000E+00,1.091013E+00,1.991235E+04,1.091013E+00,9.907388E+03,2.351694E+04,1.339840E+00,7.579951E+04,1.339840E+00,0.000000E+00,0.000000E+00,1.339840E+00,2.445376E+04,1.339840E+00,1.216697E+04,2.888045E+04
07:10:00,1.091013E+00,6.172247E+04,1.091013E+00,0.000000E+00,0.000000E+00,1.091013E+00,1.962347E+04,1.091013E+00,1.019627E+04,2.381423E+04,1.339840E+00,7.579951E+04,1.339840E+00,0.000000E+00,0.000000E+00,1.339840E+00,2.409899E+04,1.339840E+00,1.252173E+04,2.924554E+04
07:20:00,1.091013E+00,6.172247E+04,1.091013E+00,0.000000E+00,0.000000E+00,1.091013E+00,1.933459E+04,1.091013E+00,1.048515E+04,2.411152E+04,1.339840E+00,7.579951E+04,1.339840E+00,0.000000E+00,0.000000E+00,1.339840E+00,2.374423E+04,1.339840E+00,1.287649E+04,2.961064E+04
07:30:00,1.091013E+00,6.172247E+04,1.091013E+00,0.000000E+00,0.000000E+00,1.091013E+00,1.904571E+04,1.091013E+00,1.077402E+04,2.440880E+04,1.339840E+00,7.579951E+04,1.339840E+00,0.000000E+00,0.000000E+00,1.339840E+00,2.338947E+04,1.339840E+00,1.323126E+04,2.997571E+04
07:40:00,1.091013E+00,6.172247E+04,1.091013E+00,0.000000E+00,0.000000E+00,1.091013E+00,1.875683E+04,1.091013E+00,1.106290E+04,2.470609E+04,1.339840E+00,7.579951E+04,1.339840E+00,0.000000E+00,0.000000E+00,1.339840E+00,2.303470E+04,1.339840E+00,1.358602E+04,3.034081E+04
07:50:00,1.091013E+00,6.172247E+04,1.091013E+00,0.000000E+00,0.000000E+00,1.091013E+00,1.846796E+04,1.091013E+00,1.135178E+04,2.500339E+04,1.339840E+00,7.579951E+04,1.339840E+00,0.000000E+00,0.000000E+00,1.339840E+00,2.267994E+04,1.339840E+00,1.394078E+04,3.070591E+04
08:00:00,1.091013E+00,6.172247E+04,1.091013E+00,0.000000E+00,0.000000E+00,1.091013E+00,1.817908E+04,1.091013E+00,1.164066E+04,2.530069E+04,1.339840E+00,7.579951E+04,1.339840E+00,0.000000E+00,0.000000E+00,1.339840E+00,2.232518E+04,1.339840E+00,1.429555E+04,3.107101E+04
08:10:00,1.091013E+00,6.172247E+04,1.091013E+00,0.000000E+00,0.000000E+00,1.091013E+00,1.785621E+04,1.091013E+00,1.196353E+04,2.563295E+04,1.339840E+00,7.579951E+04,1.339840E+00,0.000000E+00,0.000000E+00,1.339840E+00,2.192868E+04,1.339840E+00,1.469205E+04,3.147905E+04
08:20:00,1.091013E+00,6.172247E+04,1.091013E+00,0.000000E+00,0.000000E+00,1.091013E+00,1.753335E+04,1.091013E+00,1.228639E+04,2.596521E+04,1.339840E+00,7.579951E+04,1.339840E+00,0.000000E+00,0.000000E+00,1.339840E+00,2.153218E+04,1.339840E+00,1.508855E+04,3.188710E+04
08:30:00,1.091013E+00,6.172247E+04,1.091013E+00,0.000000E+00,0.000000E+00,1.091013E+00,1.721048E+04,1.091013E+00,1.260925E+04,2.629750E+04,1.339840E+00,7.579951E+04,1.339840E+00,0.000000E+00,0.000000E+00,1.339840E+00,2.113568E+04,1.339840E+00,1.548505E+04,3.229516E+04
08:40:00,1.091013E+00,6.172247E+04,1.091013E+00,0.000000E+00,0.000000E+00,1.091013E+00,1.688762E+04,1.091013E+00,1.293212E+04,2.662976E+04,1.339840E+00,7.579951E+04,1.339840E+00,0.000000E+00,0.000000E+00,1.339840E+00,2.073918E+04,1.339840E+00,1.588155E+04,3.270321E+04
08:50:00,1.091013E+00,6.172247E+04,1.091013E+00,0.000000E+00,0.000000E+00,1.091013E+00,1.656475E+04,1.091013E+00,1.325498E+04,2.696204E+04,1.339840E+00,7.579951E+04,1.339840E+00,0.000000E+00,0.000000E+00,1.339840E+00,2.034268E+04,1.339840E+00,1.627805E+04,3.311126E+04
09:00:00,1.091013E+00,6.172247E+04,1.091013E+00,0.000000E+00,0.000000E+00,1.091013E+00,1.624189E+04,1.091013E+00,1.357785E+04,2.729432E+04,1.339840E+00,7.579951E+04,1.339840E+00,0.000000E+00,0.000000E+00,1.339840E+00,1.994618E+04,1.339840E+00,1.667455E+04,3.351934E+04
09:10:00,1.091013E+00,6.172247E+04,1.091013E+00,0.000000E+00,0.000000E+00,1.091013E+00,1.595301E+04,1.091013E+00,1.386673E+04,2.759161E+04,1.339840E+00,7.579951E+04,1.339840E+00,0.000000E+00,0.000000E+00,1.339840E+00,1.959141E+04,1.339840E+00,1.702931E+04,3.388443E+04
09:20:00,1.091013E+00,6.172247E+04,1.091013E+00,0.000000E+00,0.000000E+00,1.091013E+00,1.566413E+04,1.091013E+00,1.415560E+04,2.788892E+04,1.339840E+00,7.579951E+04,1.339840E+00,0.000000E+00,0.000000E+00,1.339840E+00,1.923665E+04,1.339840E+00,1.738407E+04,3.424954E+04
09:30:00,1.091013E+00,6.172247E+04,1.091013E+00,0.000000E+00,0.000000E+00,1.091013E+00,1.537525E+04,1.091013E+00,1.444448E+04,2.818623E+04,1.339840E+00,7.579951E+04,1.339840E+00,0.000000E+00,0.000000E+00,1.339840E+00,1.888189E+04,1.339840E+00,1.773884E+04,3.461466E+04
09:40:00,1.091013E+00,6.172247E+04,1.091013E+00,0.000000E+00,0.000000E+00,1.091013E+00,1.508638E+04,1.091013E+00,1.473336E+04,2.848354E+04,1.339840E+00,7.579951E+04,1.339840E+00,0.000000E+00,0.000000E+00,1.339840E+00,1.852712E+04,1.339840E+00,1.809360E+04,3.497978E+04
09:50:00,1.091013E+00,6.172247E+04,1.091013E+00,0.000000E+00,0.000000E+00,1.091013E+00,1.479750E+04,1.091013E+00,1.502224E+04,2.878083E+04,1.339840E+00,7.579951E+04,1.339840E+00,0.000000E+00,0.000000E+00,1.339840E+00,1.817236E+04,1.339840E+00,1.844836E+04,3.534488E+04
10:00:00,1.091013E+00,6.172247E+04,1.091013E+00,0.000000E+00,0.000000E+00,1.091013E+00,1.450862E+04,1.091013E+00,1.531112E+04,2.907815E+04,1.339840E+00,7.579951E+04,1.339840E+00,0.000000E+00,0.000000E+00,1.339840E+00,1.781760E+04,1.339840E+00,1.880313E+04,3.571000E+04
10:10:00,1.091013E+00,6.172247E+04,1.091013E+00,0.000000E+00,0.000000E+00,1.091013E+00,1.425372E+04,1.091013E+00,1.556601E+04,2.934048E+04,1.339840E+00,7.579951E+04,1.339840E+00,0.000000E+00,0.000000E+00,1.339840E+00,1.750457E+04,1.339840E+00,1.911615E+04,3.603216E+04
10:20:00,1.091013E+00,6.172247E+04,1.091013E+00,0.000000E+00,0.000000E+00,1.091013E+00,1.399883E+04,1.091013E+00,1.582091E+04,2.960281E+04,1.339840E+00,7.579951E+04,1.339840E+00,0.000000E+00,0.000000E+00,1.339840E+00,1.719154E+04,1.339840E+00,1.942918E+04,3.635432E+04
10:30:00,1.091013E+00,6.172247E+04,1.091013E+00,0.000000E+00,0.000000E+00,1.091013E+00,1.374394E+04,1.091013E+00,1.607580E+04,2.986514E+04,1.339840E+00,7.579951E+04,1.339840E+00,0.000000E+00,0.000000E+00,1.339840E+00,1.687852E+04,1.339840E+00,1.974220E+04,3.667648E+04
10:40:00,1.091013E+00,6.172247E+04,1.091013E+00,0.000000E+00,0.000000E+00,1.091013E+00,1.348905E+04,1.091013E+00,1.633069E+04,3.012749E+04,1.339840E+00,7.579951E+04,1.339840E+00,0.000000E+00,0.000000E+00,1.339840E+00,1.656549E+04,1.339840E+00,2.005523E+04,3.699867E+04
10:50:00,1.091013E+00,6.172247E+04,1.091013E+00,0.000000E+00,0.000000E+00,1.091013E+00,1.323415E+04,1.091013E+00,1.658558E+04,3.038983E+04,1.339840E+00,7.579951E+04,1.339840E+00,0.000000E+00,0.000000E+00,1.339840E+00,1.625246E+04,1.339840E+00,2.036826E+04,3.732083E+04
11:00:00,1.091013E+00,6.172247E+04,1.091013E+00,0.000000E+00,0.000000E+00,1.091013E+00,1.297926E+04,1.091013E+00,1.684048E+04,3.065216E+04,1.339840E+00,7.579951E+04,1.339840E+00,0.000000E+00,0.000000E+00,1.339840E+00,1.593944E+04,1.339840E+00,2.068128E+04,3.764300E+04
11:10:00,1.091013E+00,6.172247E+04,1.091013E+00,0.000000E+00,0.000000E+00,1.091013E+00,1.280933E+04,1.091013E+00,1.701041E+04,3.082705E+04,1.339840E+00,7.579951E+04,1.339840E+00,0.000000E+00,0.000000E+00,1.339840E+00,1.573075E+04,1.339840E+00,2.088997E+04,3.785778E+04
11:20:00,1.091013E+00,6.172247E+04,1.091013E+00,0.000000E+00,0.000000E+00,1.091013E+00,1.263940E+04,1.091013E+00,1.718033E+04,3.100194E+04,1.339840E+00,7.579951E+04,1.339840E+00,0.000000E+00,0.000000E+00,1.339840E+00,1.552207E+04,1.339840E+00,2.109865E+04,3.807255E+04
11:30:00,1.091013E+00,6.172247E+04,1.091013E+00,0.000000E+00,0.000000E+00,1.091013E+00,1.246947E+04,1.091013E+00,1.735026E+04,3.117683E+04,1.339840E+00,7.579951E+04,1.339840E+00,0.000000E+00,0.000000E+00,1.339840E+00,1.531339E+04,1.339840E+00,2.130734E+04,3.828733E+04
11:40:00,1.091013E+00,6.172247E+04,1.091013E+00,0.000000E+00,0.000000E+00,1.091013E+00,1.229955E+04,1.091013E+00,1.752019E+04,3.135173E+04,1.339840E+00,7.579951E+04,1.339840E+00,0.000000E+00,0.000000E+00,1.339840E+00,1.510470E+04,1.339840E+00,2.151602E+04,3.850211E+04
11:50:00,1.091013E+00,6.172247E+04,1.091013E+00,0.000000E+00,0.000000E+00,1.091013E+00,1.212962E+04,1.091013E+00,1.769012E+04,3.152662E+04,1.339840E+00,7.579951E+04,1.339840E+00,0.000000E+00,0.000000E+00,1.339840E+00,1.489602E+04,1.339840E+00,2.172470E+04,3.871689E+04
12:00:00,1.091013E+00,6.172247E+04,1.091013E+00,0.000000E+00,0.000000E+00,1.091013E+00,1.195969E+04,1.091013E+00,1.786005E+04,3.170151E+04,1.339840E+00,7.579951E+04,1.339840E+00,0.000000E+00,0.000000E+00,1.339840E+00,1.468733E+04,1.339840E+00,2.193339E+04,3.893167E+04
12:10:00,1.091013E+00,6.172247E+04,1.091013E+00,0.000000E+00,0.000000E+00,1.091013E+00,1.182375E+04,1.091013E+00,1.799599E+04,3.184143E+04,1.339840E+00,7.579951E+04,1.339840E+00,0.000000E+00,0.000000E+00,1.339840E+00,1.452039E+04,1.339840E+00,2.210034E+04,3.910351E+04
12:20:00,1.091013E+00,6.172247E+04,1.091013E+00,0.000000E+00,0.000000E+00,1.091013E+00,1.168780E+04,1.091013E+00,1.813194E+04,3.198135E+04,1.339840E+00,7.579951E+04,1.339840E+00,0.000000E+00,0.000000E+00,1.339840E+00,1.435344E+04,1.366621E+00,2.256734E+04,3.965336E+04
12:30:00,1.091013E+00,6.172247E+04,1.091013E+00,0.000000E+00,0.000000E+00,1.091013E+00,1.155186E+04,1.091013E+00,1.826788E+04,3.212127E+04,1.339840E+00,7.579951E+04,1.339840E+00,0.000000E+00,0.000000E+00,1.339840E+00,1.418649E+04,1.387593E+00,2.296930E+04,4.012334E+04
12:40:00,1.091013E+00,6.172247E+04,1.091013E+00,0.000000E+00,0.000000E+00,1.091013E+00,1.141592E+04,1.091013E+00,1.840382E+04,3.226118E+04,1.339840E+00,7.579951E+04,1.339840E+00,0.000000E+00,0.000000E+00,1.339840E+00,1.401954E+04,1.356900E+00,2.279232E+04,3.986313E+04
12:50:00,1.091013E+00,6.172247E+04,1.091013E+00,0.000000E+00,0.000000E+00,1.091013E+00,1.127997E+04,1.091013E+00,1.853976E+04,3.240110E+04,1.339840E+00,7.579951E+04,1.339840E+00,0.000000E+00,0.000000E+00,1.339840E+00,1.385260E+04,1.339840E+00,2.276813E+04,3.979082E+04
13:00:00,1.091013E+00,6.172247E+04,1.091013E+00,0.000000E+00,0.000000E+00,1.091013E+00,1.114403E+04,1.091013E+00,1.867571E+04,3.254101E+04,1.339840E+00,7.579951E+04,1.339840E+00,0.000000E+00,0.000000E+00,1.339840E+00,1.368565E+04,1.339840E+00,2.293507E+04,3.996264E+04
13:10:00,1.091013E+00,6.172247E+04,1.091013E+00,0.000000E+00,0.000000E+00,1.091013E+00,1.105907E+04,1.091013E+00,1.876067E+04,3.262846E+04,1.339840E+00,7.579951E+04,1.339840E+00,0.000000E+00,0.000000E+00,1.339840E+00,1.358131E+04,1.339840E+00,2.303942E+04,4.007003E+04
13:20:00,1.091013E+00,6.172247E+04,1.091013E+00,0.000000E+00,0.000000E+00,1.091013E+00,1.097410E+04,1.091013E+00,1.884564E+04,3.271591E+04,1.339840E+00,7.579951E+04,1.339840E+00,0.000000E+00,0.000000E+00,1.339840E+00,1.347696E+04,1.339840E+00,2.314376E+04,4.017742E+04
13:30:00,1.091013E+00,6.172247E+04,1.091013E+00,0.000000E+00,0.000000E+00,1.091013E+00,1.088914E+04,1.091013E+00,1.893060E+04,3.280335E+04,1.339840E+00,7.579951E+04,1.339840E+00,0.000000E+00,0.000000E+00,1.339840E+00,1.337262E+04,1.339840E+00,2.324810E+04,4.028481E+04
13:40:00,1.091013E+00,6.172247E+04,1.091013E+00,0.000000E+00,0.000000E+00,1.091013E+00,1.080417E+04,1.091013E+00,1.901556E+04,3.289080E+04,1.339840E+00,7.579951E+04,1.339840E+00,0.000000E+00,0.000000E+00,1.339840E+00,1.326828E+04,1.339840E+00,2.335244E+04,4.039220E+04
13:50:00,1.091013E+00,6.172247E+04,1.091013E+00,0.000000E+00,0.000000E+00,1.091013E+00,1.071921E+04,1.091013E+00,1.910053E+04,3.297825E+04,1.339840E+00,7.579951E+04,1.339840E+00,0.000000E+00,0.000000E+00,1.339840E+00,1.316394E+04,1.339840E+00,2.345678E+04,4.049960E+04
14:00:00,1.091013E+00,6.172247E+04,1.091013E+00,0.000000E+00,0.000000E+00,1.091013E+00,1.063424E+04,1.091013E+00,1.918549E+04,3.306570E+04,1.339840E+00,7.579951E+04,1.339840E+00,0.000000E+00,0.000000E+00,1.339840E+00,1.305960E+04,1.339840E+00,2.356113E+04,4.060699E+04
14:10:00,1.091013E+00,6.172247E+04,1.091013E+00,0.000000E+00,0.000000E+00,1.091013E+00,1.063424E+04,1.091013E+00,1.918549E+04,3.306570E+04,1.339840E+00,7.579951E+04,1.339840E+00,0.000000E+00,0.000000E+00,1.339840E+00,1.305960E+04,1.339840E+00,2.356113E+04,4.060699E+04
14:20:00,1.091013E+00,6.172247E+04,1.091013E+00,0.000000E+00,0.000000E+00,1.091013E+00,1.063424E+04,1.091013E+00,1.918549E+04,3.306570E+04,1.339840E+00,7.579951E+04,1.339840E+00,0.000000E+00,0.000000E+00,1.339840E+00,1.305960E+04,1.339840E+00,2.356113E+04,4.060699E+04
14:30:00,1.091013E+00,6.172247E+04,1.091013E+00,0.000000E+00,0.000000E+00,1.091013E+00,1.063424E+04,1.091013E+00,1.918549E+04,3.306570E+04,1.339840E+00,7.579951E+04,1.339840E+00,0.000000E+00,0.000000E+00,1.339840E+00,1.305960E+04,1.339840E+00,2.356113E+04,4.060699E+04
14:40:00,1.091013E+00,6.172247E+04,1.091013E+00,0.000000E+00,0.000000E+00,1.091013E+00,1.063424E+04,1.091013E+00,1.918549E+04,3.306570E+04,1.339840E+00,7.579951E+04,1.339840E+00,0.000000E+00,0.000000E+00,1.339840E+00,1.305960E+04,1.339840E+00,2.356113E+04,4.060699E+04
14:50:00,1.091013E+00,6.172247E+04,1.091013E+00,0.000000E+00,0.000000E+00,1.091013E+00,1.063424E+04,1.091013E+00,1.918549E+04,3.306570E+04,1.339840E+00,7.579951E+04,1.339840E+00,0.000000E+00,0.000000E+00,1.339840E+00,1.305960E+04,1.339840E+00,2.356113E+04,4.060699E+04
15:00:00,1.091013E+00,6.172247E+04,1.091013E+00,0.000000E+00,0.000000E+00,1.091013E+00,1.063424E+04,1.091013E+00,1.918549E+04,3.306570E+04,1.339840E+00,7.579951E+04,1.339840E+00,0.000000E+00,0.000000E+00,1.339840E+00,1.305960E+04,1.339840E+00,2.356113E+04,4.060699E+04
15:10:00,1.091013E+00,6.172247E+04,1.091013E+00,0.000000E+00,0.000000E+00,1.091013E+00,1.073620E+04,1.091013E+00,1.908354E+04,3.296076E+04,1.339840E+00,7.579951E+04,1.339840E+00,0.000000E+00,0.000000E+00,1.339840E+00,1.318481E+04,1.339840E+00,2.343592E+04,4.047811E+04
15:20:00,1.091013E+00,6.172247E+04,1.091013E+00,0.000000E+00,0.000000E+00,1.091013E+00,1.083816E+04,1.091013E+00,1.898158E+04,3.285583E+04,1.339840E+00,7.579951E+04,1.339840E+00,0.000000E+00,0.000000E+00,1.339840E+00,1.331002E+04,1.339840E+00,2.331071E+04,4.034926E+04
15:30:00,1.091013E+00,6.172247E+04,1.091013E+00,0.000000E+00,0.000000E+00,1.091013E+00,1.094012E+04,1.091013E+00,1.887962E+04,3.275089E+04,1.339840E+00,7.579951E+04,1.339840E+00,0.000000E+00,0.000000E+00,1.339840E+00,1.343523E+04,1.339840E+00,2.318549E+04,4.022039E+04
15:40:00,1.091013E+00,6.172247E+04,1.091013E+00,0.000000E+00,0.000000E+00,1.091013E+00,1.104207E+04,1.091013E+00,1.877766E+04,3.264595E+04,1.339840E+00,7.579951E+04,1.339840E+00,0.000000E+00,0.000000E+00,1.339840E+00,1.356044E+04,1.339840E+00,2.306028E+04,4.009151E+04
15:50:00,1.091013E+00,6.172247E+04,1.091013E+00,0.000000E+00,0.000000E+00,1.091013E+00,1.114403E+04,1.091013E+00,1.867571E+04,3.254101E+04,1.339840E+00,7.579951E+04,1.339840E+00,0.000000E+00,0.000000E+00,1.339840E+00,1.368565E+04,1.339840E+00,2.293507E+04,3.996264E+04
16:00:00,1.091013E+00,6.172247E+04,1.091013E+00,0.000000E+00,0.000000E+00,1.091013E+00,1.124599E+04,1.091013E+00,1.857375E+04,3.243607E+04,1.339840E+00,7.579951E+04,1.339840E+00,0.000000E+00,0.000000E+00,1.339840E+00,1.381086E+04,1.339840E+00,2.280986E+04,3.983376E+04
16:10:00,1.091013E+00,6.172247E+04,1.091013E+00,0.000000E+00,0.000000E+00,1.091013E+00,1.138193E+04,1.091013E+00,1.843781E+04,3.229616E+04,1.339840E+00,7.579951E+04,1.339840E+00,0.000000E+00,0.000000E+00,1.339840E+00,1.397781E+04,1.339840E+00,2.264292E+04,3.966195E+04
16:20:00,1.091013E+00,6.172247E+04,1.091013E+00,0.000000E+00,0.000000E+00,1.091013E+00,1.151787E+04,1.091013E+00,1.830186E+04,3.215624E+04,1.339840E+00,7.579951E+04,1.339840E+00,0.000000E+00,0.000000E+00,1.339840E+00,1.414475E+04,1.339840E+00,2.247597E+04,3.949011E+04
16:30:00,1.091013E+00,6.172247E+04,1.091013E+00,0.000000E+00,0.000000E+00,1.091013E+00,1.165382E+04,1.091013E+00,1.816592E+04,3.201633E+04,1.339840E+00,7.579951E+04,1.339840E+00,0.000000E+00,0.000000E+00,1.339840E+00,1.431170E+04,1.339840E+00,2.230902E+04,3.931829E+04
16:40:00,1.091013E+00,6.172247E+04,1.091013E+00,0.000000E+00,0.000000E+00,1.091013E+00,1.178976E+04,1.091013E+00,1.802998E+04,3.187640E+04,1.339840E+00,7.579951E+04,1.339840E+00,0.000000E+00,0.000000E+00,1.339840E+00,1.447865E+04,1.339840E+00,2.214207E+04,3.914645E+04
16:50:00,1.091013E+00,6.172247E+04,1.091013E+00,0.000000E+00,0.000000E+00,1.091013E+00,1.192570E+04,1.091013E+00,1.789404E+04,3.173649E+04,1.339840E+00,7.579951E+04,1.339840E+00,0.000000E+00,0.000000E+00,1.339840E+00,1.464560E+04,1.339840E+00,2.197513E+04,3.897463E+04
17:00:00,1.091013E+00,6.172247E+04,1.091013E+00,0.000000E+00,0.000000E+00,1.091013E+00,1.206165E+04,1.091013E+00,1.775809E+04,3.159657E+04,1.339840E+00,7.579951E+04,1.339840E+00,0.000000E+00,0.000000E+00,1.339840E+00,1.481254E+04,1.339840E+00,2.180818E+04,3.880280E+04
17:10:00,1.091013E+00,6.172247E+04,1.091013E+00,0.000000E+00,0.000000E+00,1.091013E+00,1.223157E+04,1.091013E+00,1.758816E+04,3.142168E+04,1.339840E+00,7.579951E+04,1.339840E+00,0.000000E+00,0.000000E+00,1.339840E+00,1.502123E+04,1.339840E+00,2.159949E+04,3.858802E+04
17:20:00,1.091013E+00,6.172247E+04,1.091013E+00,0.000000E+00,0.000000E+00,1.091013E+00,1.240150E+04,1.091013E+00,1.741823E+04,3.124679E+04,1.339840E+00,7.579951E+04,1.339840E+00,0.000000E+00,0.000000E+00,1.339840E+00,1.522991E+04,1.339840E+00,2.139081E+04,3.837324E+04
17:30:00,1.091013E+00,6.172247E+04,1.091013E+00,0.000000E+00,0.000000E+00,1.091013E+00,1.257143E+04,1.091013E+00,1.724831E+04,3.107189E+04,1.339840E+00,7.579951E+04,1.339840E+00,0.000000E+00,0.000000E+00,1.339840E+00,1.543860E+04,1.339840E+00,2.118213E+04,3.815846E+04
17:40:00,1.091013E+00,6.172247E+04,1.091013E+00,0.000000E+00,0.000000E+00,1.091013E+00,1.274136E+04,1.091013E+00,1.707838E+04,3.089700E+04,1.339840E+00,7.579951E+04,1.339840E+00,0.000000E+00,0.000000E+00,1.339840E+00,1.564728E+04,1.339840E+00,2.097344E+04,3.794368E+04
17:50:00,1.091013E+00,6.172247E+04,1.091013E+00,0.000000E+00,0.000000E+00,1.091013E+00,1.291129E+04,1.091013E+00,1.690845E+04,3.072211E+04,1.339840E+00,7.579951E+04,1.339840E+00,0.000000E+00,0.000000E+00,1.339840E+00,1.585596E+04,1.339840E+00,2.076476E+04,3.772890E+04
18:00:00,1.091013E+00,6.172247E+04,1.091013E+00,0.000000E+00,0.000000E+00,1.091013E+00,1.308122E+04,1.091013E+00,1.673852E+04,3.054722E+04,1.339840E+00,7.579951E+04,1.339840E+00,0.000000E+00,0.000000E+00,1.339840E+00,1.606465E+04,1.339840E+00,2.055607E+04,3.751413E+04
18:10:00,1.091013E+00,6.172247E+04,1.091013E+00,0.000000E+00,0.000000E+00,1.091013E+00,1.333611E+04,1.091013E+00,1.648363E+04,3.028489E+04,1.339840E+00,7.579951E+04,1.339840E+00,0.000000E+00,0.000000E+00,1.339840E+00,1.637768E+04,1.339840E+00,2.024305E+04,3.719196E+04
18:20:00,1.091013E+00,6.172247E+04,1.091013E+00,0.000000E+00,0.000000E+00,1.091013E+00,1.359100E+04,1.091013E+00,1.622873E+04,3.002255E+04,1.339840E+00,7.579951E+04,1.339840E+00,0.000000E+00,0.000000E+00,1.339840E+00,1.669070E+04,1.339840E+00,1.993002E+04,3.686980E+04
18:30:00,1.091013E+00,6.172247E+04,1.091013E+00,0.000000E+00,0.000000E+00,1.091013E+00,1.384590E+04,1.091013E+00,1.597384E+04,2.976022E+04,1.339840E+00,7.579951E+04,1.339840E+00,0.000000E+00,0.000000E+00,1.339840E+00,1.700373E+04,1.339840E+00,1.961699E+04,3.654764E+04
18:40:00,1.091013E+00,6.172247E+04,1.091013E+00,0.000000E+00,0.000000E+00,1.091013E+00,1.410079E+04,1.091013E+00,1.571895E+04,2.949787E+04,1.339840E+00,7.579951E+04,1.339840E+00,0.000000E+00,0.000000E+00,1.339840E+00,1.731675E+04,1.339840E+00,1.930397E+04,3.622545E+04
18:50:00,1.091013E+00,6.172247E+04,1.091013E+00,0.000000E+00,0.000000E+00,1.091013E+00,1.435568E+04,1.091013E+00,1.546406E+04,2.923554E+04,1.339840E+00,7.579951E+04,1.339840E+00,0.000000E+00,0.000000E+00,1.339840E+00,1.762978E+04,1.339840E+00,1.899094E+04,3.590329E+04
19:00:00,1.091013E+00,6.172247E+04,1.091013E+00,0.000000E+00,0.000000E+00,1.091013E+00,1.461058E+04,1.091013E+00,1.520916E+04,2.897321E+04,1.339840E+00,7.579951E+04,1.339840E+00,0.000000E+00,0.000000E+00,1.339840E+00,1.794281E+04,1.339840E+00,1.867791E+04,3.558113E+04
19:10:00,1.091013E+00,6.172247E+04,1.091013E+00,0.000000E+00,0.000000E+00,1.091013E+00,1.479750E+04,1.091013E+00,1.502224E+04,2.878083E+04,1.339840E+00,7.579951E+04,1.339840E+00,0.000000E+00,0.000000E+00,1.339840E+00,1.817236E+04,1.339840E+00,1.844836E+04,3.534488E+04
19:20:00,1.091013E+00,6.172247E+04,1.091013E+00,0.000000E+00,0.000000E+00,1.091013E+00,1.498442E+04,1.091013E+00,1.483532E+04,2.858846E+04,1.339840E+00,7.579951E+04,1.339840E+00,0.000000E+00,0.000000E+00,1.339840E+00,1.840191E+04,1.339840E+00,1.821881E+04,3.510862E+04
19:30:00,1.091013E+00,6.172247E+04,1.091013E+00,0.000000E+00,0.000000E+00,1.091013E+00,1.517134E+04,1.091013E+00,1.464840E+04,2.839610E+04,1.339840E+00,7.579951E+04,1.339840E+00,0.000000E+00,0.000000E+00,1.339840E+00,1.863147E+04,1.339840E+00,1.798926E+04,3.487239E+04
19:40:00,1.091013E+00,6.172247E+04,1.091013E+00,0.000000E+00,0.000000E+00,1.091013E+00,1.535826E+04,1.091013E+00,1.446148E+04,2.820372E+04,1.339840E+00,7.579951E+04,1.339840E+00,0.000000E+00,0.000000E+00,1.339840E+00,1.886102E+04,1.339840E+00,1.775970E+04,3.463614E+04
19:50:00,1.091013E+00,6.172247E+04,1.091013E+00,0.000000E+00,0.000000E+00,1.091013E+00,1.554518E+04,1.091013E+00,1.427455E+04,2.801135E+04,1.339840E+00,7.579951E+04,1.339840E+00,0.000000E+00,0.000000E+00,1.339840E+00,1.909057E+04,1.339840E+00,1.753015E+04,3.439989E+04
20:00:00,1.091013E+00,6.172247E+04,1.091013E+00,0.000000E+00,0.000000E+00,1.091013E+00,1.573210E+04,1.091013E+00,1.408763E+04,2.781897E+04,1.339840E+00,7.579951E+04,1.339840E+00,0.000000E+00,0.000000E+00,1.339840E+00,1.932012E+04,1.339840E+00,1.730060E+04,3.416364E+04
20:10:00,1.091013E+00,6.172247E+04,1.091013E+00,0.000000E+00,0.000000E+00,1.091013E+00,1.588504E+04,1.091013E+00,1.393470E+04,2.766158E+04,1.339840E+00,7.579951E+04,1.339840E+00,0.000000E+00,0.000000E+00,1.339840E+00,1.950794E+04,1.339840E+00,1.711278E+04,3.397035E+04
20:20:00,1.091013E+00,6.172247E+04,1.091013E+00,0.000000E+00,0.000000E+00,1.091013E+00,1.603798E+04,1.091013E+00,1.378176E+04,2.750417E+04,1.339840E+00,7.579951E+04,1.339840E+00,0.000000E+00,0.000000E+00,1.339840E+00,1.969576E+04,1.339840E+00,1.692497E+04,3.377704E+04
20:30:00,1.091013E+00,6.172247E+04,1.091013E+00,0.000000E+00,0.000000E+00,1.091013E+00,1.619091E+04,1.091013E+00,1.362883E+04,2.734678E+04,1.339840E+00,7.579951E+04,1.339840E+00,0.000000E+00,0.000000E+00,1.339840E+00,1.988357E+04,1.339840E+00,1.673715E+04,3.358376E+04
20:40:00,1.091013E+00,6.172247E+04,1.091013E+00,0.000000E+00,0.000000E+00,1.091013E+00,1.634385E+04,1.091013E+00,1.347589E+04,2.718939E+04,1.339840E+00,7.579951E+04,1.339840E+00,0.000000E+00,0.000000E+00,1.339840E+00,2.007139E+04,1.339840E+00,1.654934E+04,3.339047E+04
20:50:00,1.091013E+00,6.172247E+04,1.091013E+00,0.000000E+00,0.000000E+00,1.091013E+00,1.649678E+04,1.091013E+00,1.332295E+04,2.703200E+04,1.339840E+00,7.579951E+04,1.339840E+00,0.000000E+00,0.000000E+00,1.339840E+00,2.025920E+04,1.339840E+00,1.636152E+04,3.319719E+04
21:00:00,1.091013E+00,6.172247E+04,1.091013E+00,0.000000E+00,0.000000E+00,1.091013E+00,1.664972E+04,1.091013E+00,1.317002E+04,2.687459E+04,1.339840E+00,7.579951E+04,1.339840E+00,0.000000E+00,0.000000E+00,1.339840E+00,2.044702E+04,1.339840E+00,1.617370E+04,3.300388E+04
21:10:00,1.091013E+00,6.172247E+04,1.091013E+00,0.000000E+00,0.000000E+00,1.091013E+00,1.680265E+04,1.091013E+00,1.301708E+04,2.671721E+04,1.339840E+00,7.579951E+04,1.339840E+00,0.000000E+00,0.000000E+00,1.339840E+00,2.063483E+04,1.339840E+00,1.598589E+04,3.281060E+04
21:20:00,1.091013E+00,6.172247E+04,1.091013E+00,0.000000E+00,0.000000E+00,1.091013E+00,1.695559E+04,1.091013E+00,1.286415E+04,2.655982E+04,1.339840E+00,7.579951E+04,1.339840E+00,0.000000E+00,0.000000E+00,1.339840E+00,2.082265E+04,1.339840E+00,1.579807E+04,3.261731E+04
21:30:00,1.091013E+00,6.172247E+04,1.091013E+00,0.000000E+00,0.000000E+00,1.091013E+00,1.710853E+04,1.091013E+00,1.271121E+04,2.640241E+04,1.339840E+00,7.579951E+04,1.339840E+00,0.000000E+00,0.000000E+00,1.339840E+00,2.101047E+04,1.339840E+00,1.561026E+04,3.242401E+04
21:40:00,1.091013E+00,6.172247E+04,1.091013E+00,0.000000E+00,0.000000E+00,1.091013E+00,1.726146E+04,1.091013E+00,1.255828E+04,2.624502E+04,1.339840E+00,7.579951E+04,1.339840E+00,0.000000E+00,0.000000E+00,1.339840E+00,2.119828E+04,1.339840E+00,1.542244E+04,3.223072E+04
21:50:00,1.091013E+00,6.172247E+04,1.091013E+00,0.000000E+00,0.000000E+00,1.091013E+00,1.741440E+04,1.091013E+00,1.240534E+04,2.608764E+04,1.339840E+00,7.579951E+04,1.339840E+00,0.000000E+00,0.000000E+00,1.339840E+00,2.138610E+04,1.339840E+00,1.523462E+04,3.203744E+04
22:00:00,1.091013E+00,6.172247E+04,1.091013E+00,0.000000E+00,0.000000E+00,1.091013E+00,1.756733E+04,1.091013E+00,1.225240E+04,2.593025E+04,1.339840E+00,7.579951E+04,1.339840E+00,0.000000E+00,0.000000E+00,1.339840E+00,2.157391E+04,1.339840E+00,1.504681E+04,3.184416E+04
22:10:00,1.091013E+00,6.172247E+04,1.091013E+00,0.000000E+00,0.000000E+00,1.091013E+00,1.768628E+04,1.091013E+00,1.213345E+04,2.580782E+04,1.339840E+00,7.579951E+04,1.339840E+00,0.000000E+00,0.000000E+00,1.339840E+00,2.171999E+04,1.339840E+00,1.490073E+04,3.169381E+04
22:20:00,1.091013E+00,6.172247E+04,1.091013E+00,0.000000E+00,0.000000E+00,1.091013E+00,1.780523E+04,1.091013E+00,1.201450E+04,2.568540E+04,1.339840E+00,7.579951E+04,1.339840E+00,0.000000E+00,0.000000E+00,1.339840E+00,2.186607E+04,1.339840E+00,1.475465E+04,3.154347E+04
22:30:00,1.091013E+00,6.172247E+04,1.091013E+00,0.000000E+00,0.000000E+00,1.091013E+00,1.792418E+04,1.091013E+00,1.189555E+04,2.556300E+04,1.339840E+00,7.579951E+04,1.339840E+00,0.000000E+00,0.000000E+00,1.339840E+00,2.201215E+04,1.339840E+00,1.460857E+04,3.139315E+04
22:40:00,1.091013E+00,6.172247E+04,1.091013E+00,0.000000E+00,0.000000E+00,1.091013E+00,1.804313E+04,1.091013E+00,1.177660E+04,2.544058E+04,1.339840E+00,7.579951E+04,1.339840E+00,0.000000E+00,0.000000E+00,1.339840E+00,2.215823E+04,1.339840E+00,1.446249E+04,3.124281E+04
22:50:00,1.091013E+00,6.172247E+04,1.091013E+00,0.000000E+00,0.000000E+00,1.091013E+00,1.816208E+04,1.091013E+00,1.165765E+04,2.531816E+04,1.339840E+00,7.579951E+04,1.339840E+00,0.000000E+00,0.000000E+00,1.339840E+00,2.230431E+04,1.339840E+00,1.431641E+04,3.109247E+04
23:00:00,1.091013E+00,6.172247E+04,1.091013E+00,0.000000E+00,0.000000E+00,1.091013E+00,1.828103E+04,1.091013E+00,1.153870E+04,2.519576E+04,1.339840E+00,7.579951E+04,1.339840E+00,0.000000E+00,0.000000E+00,1.339840E+00,2.245039E+04,1.339840E+00,1.417033E+04,3.094215E+04
23:10:00,1.091013E+00,6.172247E+04,1.091013E+00,0.000000E+00,0.000000E+00,1.091013E+00,1.839998E+04,1.091013E+00,1.141975E+04,2.507334E+04,1.339840E+00,7.579951E+04,1.339840E+00,0.000000E+00,0.000000E+00,1.339840E+00,2.259647E+04,1.339840E+00,1.402426E+04,3.079181E+04
23:20:00,1.091013E+00,6.172247E+04,1.091013E+00,0.000000E+00,0.000000E+00,1.091013E+00,1.851893E+04,1.091013E+00,1.130080E+04,2.495092E+04,1.339840E+00,7.579951E+04,1.339840E+00,0.000000E+00,0.000000E+00,1.339840E+00,2.274255E+04,1.339840E+00,1.387818E+04,3.064147E+04
23:30:00,1.091013E+00,6.172247E+04,1.091013E+00,0.000000E+00,0.000000E+00,1.091013E+00,1.863788E+04,1.091013E+00,1.118185E+04,2.482851E+04,1.339840E+00,7.579951E+04,1.339840E+00,0.000000E+00,0.000000E+00,1.339840E+00,2.288862E+04,1.339840E+00,1.373210E+04,3.049115E+04
23:40:00,1.091013E+00,6.172247E+04,1.091013E+00,0.000000E+00,0.000000E+00,1.091013E+00,1.875683E+04,1.091013E+00,1.106290E+04,2.470609E+04,1.339840E+00,7.579951E+04,1.339840E+00,0.000000E+00,0.000000E+00,1.339840E+00,2.303470E+04,1.339840E+00,1.358602E+04,3.034081E+04
23:50:00,1.091013E+00,6.172247E+04,1.091013E+00,0.000000E+00,0.000000E+00,1.091013E+00,1.887578E+04,1.091013E+00,1.094395E+04,2.458368E+04,1.339840E+00,7.579951E+04,1.339840E+00,0.000000E+00,0.000000E+00,1.339840E+00,2.318078E+04,1.339840E+00,1.343994E+04,3.019047E+04
24:00:00,1.091013E+00,6.172247E+04,1.091013E+00,0.000000E+00,0.000000E+00,1.091013E+00,1.899473E+04,1.091013E+00,1.082500E+04,2.446127E+04,1.339840E+00,7.579951E+04,1.339840E+00,0.000000E+00,0.000000E+00,1.339840E+00,2.332686E+04,1.339840E+00,1.329386E+04,3.004015E+04
Coinc Peak   ,1.091013E+00,1.091013E+00,6.172247E+04,1.918549E+04,1.339840E+00,1.387593E+00,7.579951E+04,2.356113E+04
NonCoinc Peak,1.091013E+00,1.091013E+00,6.172247E+04,1.918549E+04,1.339840E+00,1.387593E+00,7.579951E+04,2.356113E+04
