Time,DINING:BUFFALO.NIAGARA.INTL.AP_NY_USA ANN HTG 99.6% CONDNS DB:Des Heat Load [W],DINING:BUFFALO.NIAGARA.INTL.AP_NY_USA ANN CLG .4% CONDNS DB=>MWB:Des Sens Cool Load [W],DINING:BUFFALO.NIAGARA.INTL.AP_NY_USA ANN HTG 99.6% CONDNS DB:Des Heat Mass Flow [kg/s],DINING:BUFFALO.NIAGARA.INTL.AP_NY_USA ANN CLG .4% CONDNS DB=>MWB:Des Cool Mass Flow [kg/s],KITCHEN:BUFFALO.NIAGARA.INTL.AP_NY_USA ANN HTG 99.6% CONDNS DB:Des Heat Load [W],KITCHEN:BUFFALO.NIAGARA.INTL.AP_NY_USA ANN CLG .4% CONDNS DB=>MWB:Des Sens Cool Load [W],KITCHEN:BUFFALO.NIAGARA.INTL.AP_NY_USA ANN HTG 99.6% CONDNS DB:Des Heat Mass Flow [kg/s],KITCHEN:BUFFALO.NIAGARA.INTL.AP_NY_USA ANN CLG .4% CONDNS DB=>MWB:Des Cool Mass Flow [kg/s]
00:10:00,3.830729E+03,2.737056E+03,1.878192E-01,2.395911E-01,0.000000E+00,1.162150E+04,0.000000E+00,1.017865E+00
00:20:00,3.831437E+03,2.642255E+03,1.878539E-01,2.312891E-01,0.000000E+00,1.169800E+04,0.000000E+00,1.024573E+00
00:30:00,3.831963E+03,2.549856E+03,1.878797E-01,2.231975E-01,0.000000E+00,1.177505E+04,0.000000E+00,1.031327E+00
00:40:00,3.831855E+03,2.459821E+03,1.878730E-01,2.153131E-01,0.000000E+00,1.143248E+04,0.000000E+00,1.001327E+00
00:50:00,3.831870E+03,2.372118E+03,1.878721E-01,2.076331E-01,0.000000E+00,1.109175E+04,0.000000E+00,9.714512E-01
01:00:00,3.832337E+03,2.286720E+03,1.878939E-01,2.001551E-01,0.000000E+00,1.075166E+04,0.000000E+00,9.416362E-01
01:10:00,3.832691E+03,2.205520E+03,1.879113E-01,1.930449E-01,0.000000E+00,1.073878E+04,0.000000E+00,9.405058E-01
01:20:00,3.833018E+03,2.128446E+03,1.879273E-01,1.862960E-01,0.000000E+00,1.072637E+04,0.000000E+00,9.394186E-01
01:30:00,3.833334E+03,2.055489E+03,1.879428E-01,1.799078E-01,0.000000E+00,1.071440E+04,0.000000E+00,9.383706E-01
01:40:00,3.833638E+03,1.986641E+03,1.879577E-01,1.738795E-01,0.000000E+00,1.070286E+04,0.000000E+00,9.373598E-01
01:50:00,3.833939E+03,1.921894E+03,1.879725E-01,1.682104E-01,0.000000E+00,1.069173E+04,0.000000E+00,9.363852E-01
02:00:00,3.834229E+03,1.861240E+03,1.879867E-01,1.628999E-01,0.000000E+00,1.068100E+04,0.000000E+00,9.354456E-01
02:10:00,3.834510E+03,1.802800E+03,1.880005E-01,1.577832E-01,0.000000E+00,1.067060E+04,0.000000E+00,9.345354E-01
02:20:00,3.834786E+03,1.746555E+03,1.880140E-01,1.528589E-01,0.000000E+00,1.066053E+04,0.000000E+00,9.336536E-01
02:30:00,3.835058E+03,1.692477E+03,1.880273E-01,1.481243E-01,0.000000E+00,1.065077E+04,0.000000E+00,9.327993E-01
02:40:00,3.835327E+03,1.640543E+03,1.880405E-01,1.435775E-01,0.000000E+00,1.064132E+04,0.000000E+00,9.319717E-01
02:50:00,3.835593E+03,1.590731E+03,1.880536E-01,1.392165E-01,0.000000E+00,1.063216E+04,0.000000E+00,9.311699E-01
03:00:00,3.835857E+03,1.543025E+03,1.880665E-01,1.350400E-01,0.000000E+00,1.062329E+04,0.000000E+00,9.303932E-01
03:10:00,3.836119E+03,1.495539E+03,1.880794E-01,1.308829E-01,0.000000E+00,1.061465E+04,0.000000E+00,9.296362E-01
03:20:00,3.836380E+03,1.448282E+03,1.880921E-01,1.267458E-01,0.000000E+00,1.060622E+04,0.000000E+00,9.288981E-01
03:30:00,3.836639E+03,1.401245E+03,1.881049E-01,1.226281E-01,0.000000E+00,1.059799E+04,0.000000E+00,9.281780E-01
03:40:00,3.836898E+03,1.354423E+03,1.881175E-01,1.185294E-01,0.000000E+00,1.058996E+04,0.000000E+00,9.274751E-01
03:50:00,3.837155E+03,1.307811E+03,1.881302E-01,1.144490E-01,0.000000E+00,1.058212E+04,0.000000E+00,9.267885E-01
04:00:00,3.837412E+03,1.261400E+03,1.881428E-01,1.103863E-01,0.000000E+00,1.057446E+04,0.000000E+00,9.261175E-01
04:10:00,3.837669E+03,1.217068E+03,1.881553E-01,1.065057E-01,0.000000E+00,1.063649E+04,0.000000E+00,9.315507E-01
04:20:00,3.837906E+03,1.174803E+03,1.881670E-01,1.028059E-01,0.000000E+00,1.069851E+04,0.000000E+00,9.369876E-01
04:30:00,3.838043E+03,1.134605E+03,1.881737E-01,9.928725E-02,0.000000E+00,1.076069E+04,0.000000E+00,9.424381E-01
04:40:00,3.837992E+03,1.098310E+03,1.881712E-01,9.611029E-02,0.000000E+00,1.082326E+04,0.000000E+00,9.479204E-01
04:50:00,3.837713E+03,1.067636E+03,1.881575E-01,9.342529E-02,0.000000E+00,1.088666E+04,0.000000E+00,9.534735E-01
05:00:00,3.837206E+03,1.044627E+03,1.881327E-01,9.141119E-02,0.000000E+00,1.095115E+04,0.000000E+00,9.591223E-01
05:10:00,3.836486E+03,1.038567E+03,1.880974E-01,9.088041E-02,0.000000E+00,1.094357E+04,0.000000E+00,9.584587E-01
05:20:00,3.835586E+03,1.049831E+03,1.880532E-01,9.186593E-02,0.000000E+00,1.093817E+04,0.000000E+00,9.579810E-01
05:30:00,3.834601E+03,1.080465E+03,1.880049E-01,9.454627E-02,0.000000E+00,1.093383E+04,0.000000E+00,9.575723E-01
05:40:00,3.833634E+03,1.127958E+03,1.879576E-01,9.870129E-02,0.000000E+00,1.093241E+04,0.000000E+00,9.573894E-01
05:50:00,3.832737E+03,1.190121E+03,1.879136E-01,1.041395E-01,0.000000E+00,1.093300E+04,0.000000E+00,9.573616E-01
06:00:00,3.831919E+03,1.265160E+03,1.878734E-01,1.107041E-01,0.000000E+00,1.093670E+04,0.000000E+00,9.575949E-01
06:10:00,3.831173E+03,1.351238E+03,1.878369E-01,1.182349E-01,0.000000E+00,1.096064E+04,0.000000E+00,9.595996E-01
06:20:00,3.830489E+03,1.447852E+03,1.878034E-01,1.266875E-01,0.000000E+00,1.098763E+04,0.000000E+00,9.618708E-01
06:30:00,3.829845E+03,1.552674E+03,1.877717E-01,1.358582E-01,0.000000E+00,1.101847E+04,0.000000E+00,9.644900E-01
06:40:00,3.829214E+03,1.666534E+03,1.877408E-01,1.458203E-01,0.000000E+00,1.105194E+04,0.000000E+00,9.673663E-01
06:50:00,3.828584E+03,1.789738E+03,1.877099E-01,1.566008E-01,0.000000E+00,1.108861E+04,0.000000E+00,9.705446E-01
07:00:00,3.827949E+03,1.923894E+03,1.876788E-01,1.683403E-01,0.000000E+00,1.112738E+04,0.000000E+00,9.739191E-01
07:10:00,3.827310E+03,2.076875E+03,1.876475E-01,1.817274E-01,0.000000E+00,1.112527E+04,0.000000E+00,9.737148E-01
07:20:00,3.826677E+03,2.248373E+03,1.876164E-01,1.967353E-01,0.000000E+00,1.112500E+04,0.000000E+00,9.736716E-01
07:30:00,3.826098E+03,2.438510E+03,1.875881E-01,2.133755E-01,0.000000E+00,1.112665E+04,0.000000E+00,9.738103E-01
07:40:00,3.825627E+03,2.647124E+03,1.875650E-01,2.316335E-01,0.000000E+00,1.112928E+04,0.000000E+00,9.740403E-01
07:50:00,3.825290E+03,2.875175E+03,1.875484E-01,2.515931E-01,0.000000E+00,1.113271E+04,0.000000E+00,9.743399E-01
08:00:00,3.825088E+03,3.121568E+03,1.875385E-01,2.731584E-01,0.000000E+00,1.113653E+04,0.000000E+00,9.746740E-01
08:10:00,3.825011E+03,3.373355E+03,1.875348E-01,2.951965E-01,0.000000E+00,1.117025E+04,0.000000E+00,9.776254E-01
08:20:00,3.825044E+03,3.631512E+03,1.875364E-01,3.177926E-01,0.000000E+00,1.120372E+04,0.000000E+00,9.805547E-01
08:30:00,3.825144E+03,3.896546E+03,1.875413E-01,3.409912E-01,0.000000E+00,1.123692E+04,0.000000E+00,9.834607E-01
08:40:00,3.825269E+03,4.168592E+03,1.875474E-01,3.648040E-01,0.000000E+00,1.126986E+04,0.000000E+00,9.863434E-01
08:50:00,3.825388E+03,4.446941E+03,1.875532E-01,3.891689E-01,0.000000E+00,1.130255E+04,0.000000E+00,9.892043E-01
09:00:00,3.825497E+03,4.730729E+03,1.875586E-01,4.140104E-01,0.000000E+00,1.133501E+04,0.000000E+00,9.920449E-01
09:10:00,3.825596E+03,5.011825E+03,1.875634E-01,4.386167E-01,0.000000E+00,1.137261E+04,0.000000E+00,9.953360E-01
09:20:00,3.825687E+03,5.289377E+03,1.875679E-01,4.629130E-01,0.000000E+00,1.140970E+04,0.000000E+00,9.985822E-01
09:30:00,3.825766E+03,5.562686E+03,1.875717E-01,4.868383E-01,0.000000E+00,1.144621E+04,0.000000E+00,1.001777E+00
09:40:00,3.825823E+03,5.831125E+03,1.875746E-01,5.103376E-01,0.000000E+00,1.148204E+04,0.000000E+00,1.004913E+00
09:50:00,3.825862E+03,6.093748E+03,1.875765E-01,5.333279E-01,0.000000E+00,1.151704E+04,0.000000E+00,1.007976E+00
10:00:00,3.825880E+03,6.350276E+03,1.875773E-01,5.557850E-01,0.000000E+00,1.155120E+04,0.000000E+00,1.010966E+00
10:10:00,3.825877E+03,6.600238E+03,1.875772E-01,5.776674E-01,0.000000E+00,1.157326E+04,0.000000E+00,1.012896E+00
10:20:00,3.825851E+03,6.843732E+03,1.875759E-01,5.989921E-01,0.000000E+00,1.159484E+04,0.000000E+00,1.014797E+00
10:30:00,3.825814E+03,7.079672E+03,1.875741E-01,6.196604E-01,0.000000E+00,1.161527E+04,0.000000E+00,1.016603E+00
10:40:00,3.825779E+03,7.307734E+03,1.875724E-01,6.396395E-01,0.000000E+00,1.163457E+04,0.000000E+00,1.018311E+00
10:50:00,3.825754E+03,7.527853E+03,1.875712E-01,6.589240E-01,0.000000E+00,1.165279E+04,0.000000E+00,1.019925E+00
11:00:00,3.825742E+03,7.739457E+03,1.875706E-01,6.774635E-01,0.000000E+00,1.166982E+04,0.000000E+00,1.021435E+00
11:10:00,3.825742E+03,7.936868E+03,1.875706E-01,6.947611E-01,0.000000E+00,1.156306E+04,0.000000E+00,1.012107E+00
11:20:00,3.825789E+03,8.119416E+03,1.875729E-01,7.107494E-01,0.000000E+00,1.145463E+04,0.000000E+00,1.002623E+00
11:30:00,3.825995E+03,8.288649E+03,1.875830E-01,7.255784E-01,0.000000E+00,1.134576E+04,0.000000E+00,9.931051E-01
11:40:00,3.826853E+03,8.443750E+03,1.876265E-01,7.391834E-01,0.000000E+00,1.165524E+04,0.000000E+00,1.020234E+00
11:50:00,3.827140E+03,8.585232E+03,1.876425E-01,7.515973E-01,0.000000E+00,1.196235E+04,0.000000E+00,1.047164E+00
12:00:00,3.827763E+03,8.713902E+03,1.876732E-01,7.628899E-01,0.000000E+00,1.226772E+04,0.000000E+00,1.073933E+00
12:10:00,3.827729E+03,8.836247E+03,1.876716E-01,7.736292E-01,0.000000E+00,1.269975E+04,0.000000E+00,1.111789E+00
12:20:00,3.827231E+03,8.953735E+03,1.876471E-01,7.839436E-01,0.000000E+00,1.313027E+04,0.000000E+00,1.149512E+00
12:30:00,3.826161E+03,9.067880E+03,1.875947E-01,7.939551E-01,0.000000E+00,1.332816E+04,0.000000E+00,1.166853E+00
12:40:00,3.824097E+03,9.183273E+03,1.874921E-01,8.040629E-01,0.000000E+00,1.303570E+04,0.000000E+00,1.141237E+00
12:50:00,3.822431E+03,9.297771E+03,1.874084E-01,8.141326E-01,0.000000E+00,1.274304E+04,0.000000E+00,1.115638E+00
13:00:00,3.820422E+03,9.413030E+03,1.873098E-01,8.242788E-01,0.000000E+00,1.245060E+04,0.000000E+00,1.090085E+00
13:10:00,3.819151E+03,9.526809E+03,1.872474E-01,8.342981E-01,0.000000E+00,1.217474E+04,0.000000E+00,1.065994E+00
13:20:00,3.818401E+03,9.638458E+03,1.872107E-01,8.441318E-01,0.000000E+00,1.189884E+04,0.000000E+00,1.041905E+00
13:30:00,3.818141E+03,9.746130E+03,1.871979E-01,8.536177E-01,0.000000E+00,1.185375E+04,0.000000E+00,1.038025E+00
13:40:00,3.818268E+03,9.846479E+03,1.872041E-01,8.624630E-01,0.000000E+00,1.187860E+04,0.000000E+00,1.040274E+00
13:50:00,3.818599E+03,9.941588E+03,1.872204E-01,8.708088E-01,0.000000E+00,1.190424E+04,0.000000E+00,1.042549E+00
14:00:00,3.818963E+03,1.002936E+04,1.872382E-01,8.785032E-01,0.000000E+00,1.192990E+04,0.000000E+00,1.044809E+00
14:10:00,3.819271E+03,1.010591E+04,1.872533E-01,8.852119E-01,0.000000E+00,1.194469E+04,0.000000E+00,1.046108E+00
14:20:00,3.819512E+03,1.017066E+04,1.872651E-01,8.908854E-01,0.000000E+00,1.195979E+04,0.000000E+00,1.047430E+00
14:30:00,3.819698E+03,1.022305E+04,1.872742E-01,8.954761E-01,0.000000E+00,1.197510E+04,0.000000E+00,1.048770E+00
14:40:00,3.819845E+03,1.026270E+04,1.872814E-01,8.989497E-01,0.000000E+00,1.199048E+04,0.000000E+00,1.050117E+00
14:50:00,3.819960E+03,1.028738E+04,1.872871E-01,9.010889E-01,0.000000E+00,1.200428E+04,0.000000E+00,1.051300E+00
15:00:00,3.820044E+03,1.029925E+04,1.872912E-01,9.020743E-01,0.000000E+00,1.201815E+04,0.000000E+00,1.052455E+00
15:10:00,3.820098E+03,1.029593E+04,1.872939E-01,9.017270E-01,0.000000E+00,1.202064E+04,0.000000E+00,1.052608E+00
15:20:00,3.820123E+03,1.027704E+04,1.872951E-01,9.000146E-01,0.000000E+00,1.202266E+04,0.000000E+00,1.052719E+00
15:30:00,3.820132E+03,1.024240E+04,1.872955E-01,8.969235E-01,0.000000E+00,1.202403E+04,0.000000E+00,1.052774E+00
15:40:00,3.820139E+03,1.019191E+04,1.872959E-01,8.924442E-01,0.000000E+00,1.202459E+04,0.000000E+00,1.052757E+00
15:50:00,3.820152E+03,1.012638E+04,1.872965E-01,8.866532E-01,0.000000E+00,1.202493E+04,0.000000E+00,1.052727E+00
16:00:00,3.820173E+03,1.004470E+04,1.872975E-01,8.794665E-01,0.000000E+00,1.202411E+04,0.000000E+00,1.052619E+00
16:10:00,3.820203E+03,9.954421E+03,1.872990E-01,8.715293E-01,0.000000E+00,1.198300E+04,0.000000E+00,1.048985E+00
16:20:00,3.820255E+03,9.855987E+03,1.873016E-01,8.628789E-01,0.000000E+00,1.194080E+04,0.000000E+00,1.045258E+00
16:30:00,3.820376E+03,9.749798E+03,1.873075E-01,8.535500E-01,0.000000E+00,1.189740E+04,0.000000E+00,1.041427E+00
16:40:00,3.820614E+03,9.636686E+03,1.873192E-01,8.436152E-01,0.000000E+00,1.185273E+04,0.000000E+00,1.037483E+00
16:50:00,3.820994E+03,9.518514E+03,1.873378E-01,8.332562E-01,0.000000E+00,1.180753E+04,0.000000E+00,1.033514E+00
17:00:00,3.821514E+03,9.395069E+03,1.873633E-01,8.224462E-01,0.000000E+00,1.176081E+04,0.000000E+00,1.029423E+00
17:10:00,3.822166E+03,9.267717E+03,1.873953E-01,8.112946E-01,0.000000E+00,1.175750E+04,0.000000E+00,1.029134E+00
17:20:00,3.822929E+03,9.136811E+03,1.874327E-01,7.998318E-01,0.000000E+00,1.175283E+04,0.000000E+00,1.028726E+00
17:30:00,3.823744E+03,9.002529E+03,1.874726E-01,7.880734E-01,0.000000E+00,1.174693E+04,0.000000E+00,1.028209E+00
17:40:00,3.824554E+03,8.864531E+03,1.875123E-01,7.759896E-01,0.000000E+00,1.173988E+04,0.000000E+00,1.027593E+00
17:50:00,3.825324E+03,8.719691E+03,1.875501E-01,7.632960E-01,0.000000E+00,1.173125E+04,0.000000E+00,1.026823E+00
18:00:00,3.826048E+03,8.569477E+03,1.875856E-01,7.501285E-01,0.000000E+00,1.172171E+04,0.000000E+00,1.025969E+00
18:10:00,3.826730E+03,8.407560E+03,1.876190E-01,7.359368E-01,0.000000E+00,1.171107E+04,0.000000E+00,1.025019E+00
18:20:00,3.827368E+03,8.233593E+03,1.876503E-01,7.206905E-01,0.000000E+00,1.169932E+04,0.000000E+00,1.023971E+00
18:30:00,3.827965E+03,8.047342E+03,1.876796E-01,7.043692E-01,0.000000E+00,1.168646E+04,0.000000E+00,1.022826E+00
18:40:00,3.828524E+03,7.848363E+03,1.877070E-01,6.869341E-01,0.000000E+00,1.167246E+04,0.000000E+00,1.021581E+00
18:50:00,3.829048E+03,7.639029E+03,1.877326E-01,6.686038E-01,0.000000E+00,1.165777E+04,0.000000E+00,1.020290E+00
19:00:00,3.829539E+03,7.416887E+03,1.877567E-01,6.491561E-01,0.000000E+00,1.164168E+04,0.000000E+00,1.018882E+00
19:10:00,3.830000E+03,7.197884E+03,1.877794E-01,6.299834E-01,0.000000E+00,1.169402E+04,0.000000E+00,1.023464E+00
19:20:00,3.830423E+03,6.979394E+03,1.878001E-01,6.108559E-01,0.000000E+00,1.174515E+04,0.000000E+00,1.027940E+00
19:30:00,3.830727E+03,6.761729E+03,1.878150E-01,5.918007E-01,0.000000E+00,1.179502E+04,0.000000E+00,1.032305E+00
19:40:00,3.830825E+03,6.543221E+03,1.878198E-01,5.726718E-01,0.000000E+00,1.184349E+04,0.000000E+00,1.036547E+00
19:50:00,3.830681E+03,6.326013E+03,1.878127E-01,5.536570E-01,0.000000E+00,1.189038E+04,0.000000E+00,1.040651E+00
20:00:00,3.830295E+03,6.112336E+03,1.877938E-01,5.349514E-01,0.000000E+00,1.193551E+04,0.000000E+00,1.044600E+00
20:10:00,3.829682E+03,5.901077E+03,1.877638E-01,5.164577E-01,0.000000E+00,1.190479E+04,0.000000E+00,1.041910E+00
20:20:00,3.828876E+03,5.698215E+03,1.877242E-01,4.986992E-01,0.000000E+00,1.187224E+04,0.000000E+00,1.039061E+00
20:30:00,3.827971E+03,5.505525E+03,1.876799E-01,4.818356E-01,0.000000E+00,1.183838E+04,0.000000E+00,1.036108E+00
20:40:00,3.827074E+03,5.325605E+03,1.876359E-01,4.660923E-01,0.000000E+00,1.180281E+04,0.000000E+00,1.033014E+00
20:50:00,3.826235E+03,5.157732E+03,1.875947E-01,4.514035E-01,0.000000E+00,1.176604E+04,0.000000E+00,1.029816E+00
21:00:00,3.825465E+03,5.001608E+03,1.875570E-01,4.377474E-01,0.000000E+00,1.172937E+04,0.000000E+00,1.026638E+00
21:10:00,3.824759E+03,4.851550E+03,1.875224E-01,4.246266E-01,0.000000E+00,1.167296E+04,0.000000E+00,1.021749E+00
21:20:00,3.824116E+03,4.705219E+03,1.874909E-01,4.118319E-01,0.000000E+00,1.161669E+04,0.000000E+00,1.016874E+00
21:30:00,3.823555E+03,4.561529E+03,1.874634E-01,3.992635E-01,0.000000E+00,1.156052E+04,0.000000E+00,1.011997E+00
21:40:00,3.823094E+03,4.420712E+03,1.874408E-01,3.869438E-01,0.000000E+00,1.150533E+04,0.000000E+00,1.007199E+00
21:50:00,3.822742E+03,4.283717E+03,1.874235E-01,3.749583E-01,0.000000E+00,1.145304E+04,0.000000E+00,1.002653E+00
22:00:00,3.822492E+03,4.147567E+03,1.874113E-01,3.630541E-01,0.000000E+00,1.140025E+04,0.000000E+00,9.980960E-01
22:10:00,3.822340E+03,4.017511E+03,1.874038E-01,3.516790E-01,0.000000E+00,1.132291E+04,0.000000E+00,9.913848E-01
22:20:00,3.822290E+03,3.892938E+03,1.874013E-01,3.407833E-01,0.000000E+00,1.124703E+04,0.000000E+00,9.847977E-01
22:30:00,3.822367E+03,3.773672E+03,1.874051E-01,3.303518E-01,0.000000E+00,1.117245E+04,0.000000E+00,9.783252E-01
22:40:00,3.822602E+03,3.659568E+03,1.874167E-01,3.203720E-01,0.000000E+00,1.109915E+04,0.000000E+00,9.719667E-01
22:50:00,3.823004E+03,3.549164E+03,1.874363E-01,3.107155E-01,0.000000E+00,1.102527E+04,0.000000E+00,9.655585E-01
23:00:00,3.823570E+03,3.444394E+03,1.874641E-01,3.015402E-01,0.000000E+00,1.095345E+04,0.000000E+00,9.592865E-01
23:10:00,3.824291E+03,3.340404E+03,1.874994E-01,2.924323E-01,0.000000E+00,1.084006E+04,0.000000E+00,9.493610E-01
23:20:00,3.825161E+03,3.237499E+03,1.875421E-01,2.834196E-01,0.000000E+00,1.072786E+04,0.000000E+00,9.395325E-01
23:30:00,3.826196E+03,3.135521E+03,1.875928E-01,2.744880E-01,0.000000E+00,1.061660E+04,0.000000E+00,9.297875E-01
23:40:00,3.827787E+03,3.034378E+03,1.876723E-01,2.656299E-01,0.000000E+00,1.092637E+04,0.000000E+00,9.569156E-01
23:50:00,3.829138E+03,2.933993E+03,1.877401E-01,2.568383E-01,0.000000E+00,1.123558E+04,0.000000E+00,9.840325E-01
24:00:00,3.829928E+03,2.834297E+03,1.877799E-01,2.481072E-01,0.000000E+00,1.154534E+04,0.000000E+00,1.011192E+00
Peak,3.838043E+03,1.029925E+04,1.881737E-01,9.020743E-01,0.000000E+00,1.332816E+04,0.000000E+00,1.166853E+00

Peak Vol Flow (m3/s),,,1.631117E-01,7.819313E-01,,,0.000000E+00,1.011445E+00
